Postal Code","Place Name","Province","Latitude","Longitude
T0A","Eastern Alberta (St. Paul)","AB","53.9225","-111.0585
T0B","Wainwright Region (Tofield)","AB","53.0635","-112.3067
T0C","Central Alberta (Stettler)","AB","51.9565","-110.0761
T0E","Western Alberta (Jasper)","AB","53.8486","-114.4361
T0G","North Central Alberta (Slave Lake)","AB","54.2653","-115.3827
T0H","Northwestern Alberta (High Level)","AB","56.6598","-117.2896
T0J","Southeastern Alberta (Drumheller)","AB","49.8442","-110.78
T0K","International Border Region (Cardston)","AB","49.7318","-112.6171
T0L","Kananaskis Country (Claresholm)","AB","49.8736","-113.5074
T0M","Central Foothills (Sundre)","AB","52.0306","-113.9565
T0P","Northeastern Alberta (Fort Chipewyan)","AB","58.759","-111.0874
T0V","Remote Northeast (Fitzgerald)","AB","59.8685","-111.6329
T1A","Medicine Hat Central","AB","50.0365","-110.661
T1B","Medicine Hat South","AB","50.0172","-110.651
T1C","Medicine Hat North","AB","50.0556","-110.6822
T1G","Taber","AB","49.7773","-112.158
T1H","Lethbridge North","AB","49.7118","-112.8196
T1J","Lethbridge West and Central","AB","49.6915","-112.8294
T1K","Lethbridge Southeast","AB","49.6765","-112.8035
T1L","Banff","AB","51.1791","-115.5697
T1M","Coaldale","AB","49.7285","-112.6146
T1P","Strathmore","AB","51.0459","-113.3967
T1R","Brooks","AB","50.5659","-111.8896
T1S","Okotoks","AB","50.7064","-113.9554
T1V","High River","AB","50.5775","-113.8747
T1W","Canmore","AB","51.0868","-115.3384
T1X","Chestermere","AB","51.0512","-113.8155
T1Y","Calgary (Rundle / Whitehorn / Monterey Park)","AB","51.0759","-114.0015
T2A","Calgary (Penbrooke Meadows / Marlborough)","AB","51.0402","-113.9844
T2B","Calgary (Forest Lawn / Dover / Erin Woods)","AB","51.0318","-113.9786
T2C","Calgary (Lynnwood Ridge / Ogden / Foothills Industrial / Great Plains)","AB","50.9878","-114.0001
T2E","Calgary (Bridgeland / Greenview / Zoo / YYC)","AB","51.0632","-114.0614
T2G","Calgary (Inglewood / Burnsland / Chinatown / East Victoria Park / Saddledome)","AB","51.0415","-114.0599
T2H","Calgary (Highfield / Burns Industrial)","AB","50.9857","-114.0631
T2J","Calgary (Queensland Downs / Lake Bonavista / Willow Park / Acadia)","AB","50.9693","-114.0514
T2K","Calgary (Thornecliffe / Tuxedo)","AB","51.0857","-114.0714
T2L","Calgary (Brentwood / Collingwood / Nose Hill)","AB","51.0917","-114.1127
T2M","Calgary (Mount Pleasant / Capitol Hill / Banff Trail)","AB","51.0696","-114.0862
T2N","Calgary (Kensington / Westmont / Parkdale / University)","AB","51.0591","-114.1146
T2P","Calgary (City Centre / Calgary Tower)","AB","51.0472","-114.0802
T2R","Calgary (Connaught / West Victoria Park)","AB","51.0426","-114.0791
T2S","Calgary (Elbow Park / Britannia / Parkhill / Mission)","AB","51.0171","-114.0812
T2T","Calgary South (Altadore / Bankview / Richmond)","AB","51.0316","-114.0994
T2V","Calgary (Oak Ridge / Haysboro / Kingsland / Windsor Park)","AB","50.9909","-114.074
T2W","Calgary (Braeside / Woodbine)","AB","50.9604","-114.1001
T2X","Calgary (Midnapore / Sundance)","AB","50.9204","-114.0674
T2Y","Calgary (Millrise / Somerset / Bridlewood / Evergreen)","AB","50.9093","-114.0721
T2Z","Calgary (Douglas Glen / McKenzie Lake / Copperfield / East Shepard)","AB","50.9023","-113.9873
T3A","Calgary (Dalhousie / Edgemont / Hamptons / Hidden Valley)","AB","51.0922","-114.1479
T3B","Calgary (Montgomery / Bowness / Silver Springs / Greenwood)","AB","51.0809","-114.1616
T3C","Calgary (Rosscarrock / Wildwood / Shaganappi / Sunalta)","AB","51.0388","-114.098
T3E","Calgary (Lakeview / Glendale / Killarney / Glamorgan)","AB","51.0227","-114.1342
T3G","Calgary (Hawkwood / Arbour Lake / Royal Oak / Rocky Ridge)","AB","51.1147","-114.1796
T3H","Calgary (Discovery Ridge / Signal Hill / Aspen Woods / Patterson / Cougar Ridge)","AB","51.0566","-114.1815
T3J","Calgary (Martindale / Taradale / Falconridge / Saddle Ridge)","AB","51.0999","-113.9422
T3K","Calgary (Sandstone / Harvest Hills / Coventry Hills / Panorama Hills / Beddington)","AB","51.127","-114.0787
T3L","Calgary (Tuscany / Scenic Acres)","AB","51.1162","-114.2089
T3M","Calgary (Cranston)","AB","50.8902","-113.9892
T3N","Calgary Northeast","AB","51.1494","-114.0019
T3P","Calgary (Symons Valley)","AB","51.1793","-114.1333
T3R","Calgary Northwest","AB","51.1497","-114.2695
T3Z","Redwood Meadows","AB","50.9821","-114.5178
T4A","Airdrie East","AB","51.2733","-113.9909
T4B","Airdrie West","AB","51.2816","-114.0153
T4C","Cochrane","AB","51.1896","-114.4774
T4E","Red Deer County","AB","52.2911","-113.7027
T4G","Innisfail","AB","52.029","-113.9474
T4H","Olds","AB","51.7956","-114.0944
T4J","Ponoka","AB","52.6649","-113.5823
T4L","Lacombe","AB","52.36","-114.3736
T4N","Red Deer Central","AB","52.2592","-113.8237
T4P","Red Deer North","AB","52.2887","-113.8394
T4R","Red Deer South","AB","52.2451","-113.7855
T4S","Sylvan Lake","AB","52.3083","-114.0949
T4T","Rocky Mountain House","AB","52.378","-114.9307
T4V","Camrose","AB","53.0204","-112.8129
T4X","Beaumont","AB","53.3571","-113.4129
T5A","Edmonton (West Clareview / East Londonderry)","AB","53.5899","-113.4413
T5B","Edmonton (East North Central / West Beverly)","AB","53.5766","-113.4608
T5C","Edmonton (Central Londonderry)","AB","53.6129","-113.4572
T5E","Edmonton (West Londonderry / East Calder)","AB","53.5923","-113.5168
T5G","Edmonton (North Central / Queen Mary Park / YXD)","AB","53.5682","-113.4822
T5H","Edmonton (North and East Downtown Fringe)","AB","53.555","-113.4822
T5J","Edmonton (North Downtown)","AB","53.5421","-113.4989
T5K","Edmonton (South Downtown / South Downtown Fringe)","AB","53.535","-113.501
T5L","Edmonton (North Westmount / West Calder / East Mistatim)","AB","53.5801","-113.541
T5M","Edmonton (South Westmount / Groat Estate / East Northwest Industrial)","AB","53.5614","-113.5461
T5N","Edmonton (Glenora / SW Downtown Fringe)","AB","53.5495","-113.5453
T5P","Edmonton (North Jasper Place)","AB","53.5529","-113.584
T5R","Edmonton (Central Jasper Place / Buena Vista)","AB","53.5224","-113.5763
T5S","Edmonton (West Northwest Industrial / Winterburn)","AB","53.5416","-113.6249
T5T","Edmonton West (West Jasper Place / West Edmonton Mall)","AB","53.5157","-113.6339
T5V","Edmonton (Central Mistatim)","AB","53.58","-113.5873
T5W","Edmonton (Central Beverly)","AB","53.5705","-113.4036
T5X","Edmonton (East Castledowns)","AB","53.6072","-113.5183
T5Y","Edmonton (Landbank / Oliver / East Lake District)","AB","53.6026","-113.3837
T5Z","Edmonton (West Lake District)","AB","53.5966","-113.4882
T6A","Edmonton (North Capilano)","AB","53.5483","-113.408
T6B","Edmonton (SE Capilano / West Southeast Industrial / East Bonnie Doon)","AB","53.5322","-113.4404
T6C","Edmonton (Central Bonnie Doon)","AB","53.5182","-113.4769
T6E","Edmonton (South Bonnie Doon / East University)","AB","53.5087","-113.5078
T6G","Edmonton (West University / Strathcona Place)","AB","53.5248","-113.5334
T6H","Edmonton (Southgate / North Riverbend)","AB","53.4839","-113.5227
T6J","Edmonton (Kaskitayo)","AB","53.4822","-113.5269
T6K","Edmonton (West Mill Woods)","AB","53.4816","-113.4623
T6L","Edmonton (East Mill Woods)","AB","53.4681","-113.4339
T6M","Edmonton Southwest","AB","53.4967","-113.6162
T6N","Edmonton (South Industrial)","AB","53.458","-113.4826
T6P","Edmonton (East Southeast Industrial / South Clover Bar)","AB","53.4996","-113.3678
T6R","Edmonton (Riverbend)","AB","53.4782","-113.5873
T6S","Edmonton (North Clover Bar)","AB","53.5729","-113.3518
T6T","Edmonton (Meadows)","AB","53.4768","-113.3662
T6V","Edmonton (West Castledowns)","AB","53.6202","-113.543
T6W","Edmonton (Heritage Valley)","AB","53.4129","-113.4957
T6X","Edmonton (Ellerslie)","AB","53.4154","-113.4917
T7A","Drayton Valley","AB","53.2165","-114.9893
T7E","Edson","AB","53.5908","-116.4104
T7N","Barrhead","AB","54.1136","-114.3932
T7P","Westlock","AB","54.166","-113.8452
T7S","Whitecourt","AB","54.1407","-115.6873
T7V","Hinton","AB","53.3981","-117.5552
T7X","Spruce Grove North","AB","53.549","-113.8995
T7Y","Spruce Grove South","AB","53.4495","-113.7135
T7Z","Stony Plain","AB","53.5202","-114.0135
T8A","Sherwood Park West","AB","53.519","-113.3216
T8B","Sherwood Park Outer Southwest","AB","53.4482","-113.2706
T8C","Sherwood Park Inner Southwest","AB","53.4162","-113.148
T8E","Sherwood Park Central","AB","53.4548","-113.0498
T8G","Sherwood Park East","AB","53.4749","-112.9512
T8H","Sherwood Park Northwest","AB","53.5462","-113.2562
T8L","Fort Saskatchewan","AB","53.6916","-113.2286
T8N","St. Albert","AB","53.6199","-113.6377
T8R","Morinville","AB","53.7903","-113.646
T8S","Peace River","AB","56.2539","-117.2849
T8V","Grande Prairie Central","AB","55.1726","-118.7997
T8W","Grande Prairie South","AB","55.1389","-118.773
T8X","Grande Prairie East","AB","55.1749","-118.7633
T9A","Wetaskiwin","AB","52.9741","-113.3646
T9C","Vegreville","AB","53.4874","-112.0636
T9E","Leduc","AB","53.2524","-113.5388
T9G","Devon","AB","53.3632","-113.7286
T9H","Fort McMurray Outer Central","AB","56.6977","-111.3389
T9J","Fort McMurray Inner Central","AB","56.7057","-111.3723
T9K","Fort McMurray Northwest","AB","56.7273","-111.4361
T9M","Cold Lake","AB","54.4127","-110.2162
T9N","Bonnyville","AB","54.2678","-110.7324
T9S","Athabasca","AB","54.7139","-113.2942
T9V","Lloydminster","AB","53.2786","-110.0233
T9W","Wainwright","AB","52.8403","-110.8704
T9X","Vermilion","AB","53.3515","-110.8451
V0A","Upper Columbia Region (Golden)","BC","50.5402","-116.0019
V0B","East Kootenays (Fernie)","BC","49.4539","-116.763
V0C","Northern British Columbia (Fort Nelson)","BC","56.2478","-120.8491
V0E","Central Okanagan and High Country (Revelstoke)","BC","50.9647","-119.1638
V0G","West Kootenays (Rossland)","BC","49.7332","-116.913
V0H","South Okanagan (Summerland)","BC","49.2357","-119.0117
V0J","Omineca and Yellowhead (Smithers)","BC","55.2046","-129.0828
V0K","Cariboo and West Okanagan (100 Mile House)","BC","50.7372","-121.2713
V0L","Chilcotin (Alexis Creek)","BC","52.4018","-124.0226
V0M","Harrison Lake Region (Agassiz)","BC","49.2341","-121.7705
V0N","North Island, Sunshine Coast, and Southern Gulf Islands (Whistler)","BC","50.5899","-126.9517
V0P","North Central Island and Bute Inlet Region (Gold River)","BC","50.898","-124.8633
V0R","Central Island (Chemainus)","BC","49.2818","-126.0627
V0S","Juan de Fuca Shore (Sooke)","BC","48.5788","-123.4637
V0T","Inside Passage and the Queen Charlottes (Queen Charlotte City)","BC","54.7992","-130.0782
V0V","Lower Skeena (Port Edward)","BC","53.4242","-129.263
V0W","Atlin Region (Atlin)","BC","59.4808","-133.6312
V0X","Similkameen (Hope)","BC","49.0538","-122.476
V1A","Kimberley","BC","49.6626","-115.9667
V1B","Vernon East","BC","50.2158","-119.2709
V1C","Cranbrook","BC","49.512","-115.7703
V1E","Salmon Arm","BC","50.6947","-119.2915
V1G","Dawson Creek","BC","55.7741","-120.2533
V1H","Vernon West","BC","50.2629","-119.3037
V1J","Fort St. John","BC","56.2306","-120.8277
V1K","Merritt","BC","50.1076","-120.7755
V1L","Nelson","BC","49.4832","-117.3031
V1M","Langley Township North","BC","49.164","-122.656
V1N","Castlegar","BC","49.3298","-117.6607
V1P","Kelowna East","BC","49.8808","-119.3647
V1R","Trail","BC","49.1135","-117.716
V1S","Kamloops Southwest","BC","50.6553","-120.3811
V1T","Vernon Central","BC","50.2533","-119.2798
V1V","Kelowna North","BC","49.929","-119.4676
V1W","Kelowna Southwest","BC","49.842","-119.4903
V1X","Kelowna East Central","BC","49.8754","-119.3958
V1Y","Kelowna Central","BC","49.8803","-119.5004
V1Z","Kelowna West","BC","49.88","-119.5355
V2A","Penticton","BC","49.5031","-119.5905
V2B","Kamloops Northwest","BC","50.6903","-120.3634
V2C","Kamloops Central and Southeast","BC","50.6764","-120.3399
V2E","Kamloops South and West","BC","50.6598","-120.3837
V2G","Williams Lake","BC","52.1276","-122.1271
V2H","Kamloops North","BC","50.6902","-120.0461
V2J","Quesnel","BC","52.9692","-122.5057
V2K","Prince George North","BC","53.9313","-122.7823
V2L","Prince George East Central","BC","53.9112","-122.728
V2M","Prince George West Central","BC","53.928","-122.7878
V2N","Prince George South","BC","53.9103","-122.7835
V2P","Chilliwack Central","BC","49.1551","-121.9459
V2R","Chilliwack West","BC","49.1409","-121.962
V2S","Abbotsford Southeast","BC","49.0312","-122.3012
V2T","Abbotsford Southwest","BC","49.0382","-122.335
V2V","Mission East","BC","49.1337","-122.3434
V2W","Maple Ridge East","BC","49.2201","-122.4985
V2X","Maple Ridge West","BC","49.2007","-122.6641
V2Y","Langley Township Northwest","BC","49.1175","-122.6684
V2Z","Langley Township Southwest","BC","49.0501","-122.6745
V3A","Langley City","BC","49.0764","-122.6797
V3B","Port Coquitlam Central","BC","49.2733","-122.7965
V3C","Port Coquitlam South","BC","49.2334","-122.77
V3E","Port Coquitlam North","BC","49.2796","-122.8105
V3G","Abbotsford East","BC","49.0625","-122.2457
V3H","Port Moody","BC","49.2707","-122.883
V3J","Coquitlam North","BC","49.2536","-122.9085
V3K","Coquitlam South","BC","49.2358","-122.8693
V3L","New Westminster Northeast","BC","49.2136","-122.8949
V3M","New Westminster Southwest (Includes Annacis Island)","BC","49.2007","-122.9074
V3N","Burnaby (East Big Bend / Stride Avenue / Edmonds / Cariboo-Armstrong)","BC","49.2201","-122.9478
V3R","Surrey North","BC","49.1641","-122.8193
V3S","Surrey East","BC","49.1011","-122.8141
V3T","Surrey Inner Northwest","BC","49.1783","-122.8665
V3V","Surrey Outer Northwest","BC","49.1647","-122.8487
V3W","Surrey Upper West","BC","49.0992","-122.8691
V3X","Surrey Lower West","BC","49.1173","-122.8234
V3Y","Pitt Meadows","BC","49.2273","-122.6883
V4A","Surrey Southwest","BC","49.0168","-122.7738
V4B","White Rock","BC","49.0268","-122.8369
V4C","Delta Northeast","BC","49.1348","-122.9131
V4E","Delta East","BC","49.0482","-122.9587
V4G","Delta East Central","BC","49.1367","-123.0115
V4K","Delta Central","BC","49.0798","-123.0882
V4L","Delta Southeast","BC","49.0023","-123.0368
V4M","Delta Southwest","BC","49.0025","-123.0746
V4N","Surrey Northeast","BC","49.1636","-122.7677
V4P","Surrey South","BC","49.0499","-122.804
V4R","Maple Ridge Northwest","BC","49.2225","-122.4984
V4S","Mission West","BC","49.1589","-122.3089
V4T","Westbank","BC","49.838","-119.6667
V4V","Winfield","BC","50.0734","-119.4444
V4W","Langley Township East","BC","49.1307","-122.5369
V4X","Abbotsford West","BC","49.0024","-122.4419
V4Z","Chilliwack East","BC","49.146","-121.9435
V5A","Burnaby (Government Road / Lake City / SFU / Burnaby Mountain)","BC","49.2869","-122.958
V5B","Burnaby (Parkcrest-Aubrey / Ardingley-Sprott)","BC","49.2846","-122.9914
V5C","Burnaby (Burnaby Heights / Willingdon Heights / West Central Valley)","BC","49.2848","-123.0222
V5E","Burnaby (Lakeview-Mayfield / Richmond Park / Kingsway-Beresford)","BC","49.2124","-122.9696
V5G","Burnaby (Cascade-Schou / Douglas-Gilpin)","BC","49.2591","-123.0226
V5H","Burnaby (Maywood / Marlborough / Oakalla / Windsor)","BC","49.2371","-123.0229
V5J","Burnaby (Suncrest / Sussex-Nelson / Clinton-Glenwood / West Big Bend)","BC","49.2218","-123.022
V5K","Vancouver (North Hastings- Sunrise)","BC","49.293","-123.0489
V5L","Vancouver (North Grandview- Woodlands)","BC","49.2835","-123.0786
V5M","Vancouver (South Hastings-Sunrise / North Renfrew- Collingwood)","BC","49.2695","-123.0556
V5N","Vancouver (South Grandview- Woodlands / NE Kensington)","BC","49.2699","-123.0765
V5P","Vancouver (SE Kensington / Victoria- Fraserview)","BC","49.2393","-123.0729
V5R","Vancouver (South Renfrew- Collingwood)","BC","49.2499","-123.0556
V5S","Vancouver (Killarney)","BC","49.2286","-123.057
V5T","Vancouver (East Mount Pleasant)","BC","49.2701","-123.1038
V5V","Vancouver (West Kensington / NE Riley Park- Little Mountain)","BC","49.2558","-123.1037
V5W","Vancouver (SE Riley Park- Little Mountain / SW Kensington / NE Oakridge / North Sunset)","BC","49.2396","-123.0984
V5X","Vancouver (SE Oakridge / East Marpole / South Sunset)","BC","49.2249","-123.1052
V5Y","Vancouver (West Mount Pleasant / West Riley Park- Little Mountain)","BC","49.2702","-123.1017
V5Z","Vancouver (East Fairview / South Cambie)","BC","49.2658","-123.1151
V6A","Vancouver (Strathcona / Chinatown / Downtown Eastside)","BC","49.2862","-123.0925
V6B","Vancouver (NE Downtown / Harbour Centre / Gastown / Yaletown)","BC","49.2836","-123.1041
V6C","Vancouver (Waterfront / Coal Harbour / Canada Place)","BC","49.2857","-123.1142
V6E","Vancouver (South West End)","BC","49.2848","-123.1228
V6G","Vancouver (North West End / Stanley Park)","BC","49.289","-123.1294
V6H","Vancouver (West Fairview / Granville Island / NE Shaughnessy)","BC","49.2661","-123.1276
V6J","Vancouver (NW Shaughnessy / East Kitsilano / Quilchena)","BC","49.2768","-123.1469
V6K","Vancouver (Central Kitsilano)","BC","49.2738","-123.161
V6L","Vancouver (NW Arbutus Ridge)","BC","49.2571","-123.1662
V6M","Vancouver (South Shaughnessy / NW Oakridge / NE Kerrisdale / SE Arbutus Ridge)","BC","49.2417","-123.1293
V6N","Vancouver (Dunbar- Southlands / Musqueam)","BC","49.2376","-123.1639
V6P","Vancouver (SE Kerrisdale / SW Oakridge / West Marpole)","BC","49.2254","-123.1176
V6R","Vancouver (West Kitsilano / Jericho)","BC","49.273","-123.185
V6S","Vancouver (Chaldecutt / South University Endowment Lands)","BC","49.2574","-123.1836
V6T","Vancouver (UBC)","BC","49.2765","-123.2177
V6V","Richmond Northeast","BC","49.1699","-123.0912
V6W","Richmond Southeast","BC","49.1261","-123.0897
V6X","Richmond North","BC","49.1701","-123.1438
V6Y","Richmond Central","BC","49.1483","-123.1469
V6Z","Vancouver (SW Downtown)","BC","49.2814","-123.12
V7A","Richmond South","BC","49.1467","-123.1463
V7B","Richmond (Sea Island / YVR)","BC","49.178","-123.1701
V7C","Richmond West","BC","49.1745","-123.1978
V7E","Richmond Southwest","BC","49.1476","-123.1897
V7G","North Vancouver Outer East","BC","49.304","-122.9689
V7H","North Vancouver Inner East","BC","49.3011","-123.0205
V7J","North Vancouver East Central","BC","49.3016","-123.0309
V7K","North Vancouver North Central","BC","49.3322","-123.0518
V7L","North Vancouver South Central","BC","49.3042","-123.0651
V7M","North Vancouver Southwest Central","BC","49.3111","-123.0798
V7N","North Vancouver Northwest Central","BC","49.3325","-123.0674
V7P","North Vancouver Southwest","BC","49.3181","-123.096
V7R","North Vancouver Northwest","BC","49.3328","-123.1043
V7S","West Vancouver North","BC","49.3585","-123.1186
V7T","West Vancouver Southeast","BC","49.324","-123.1036
V7V","West Vancouver South","BC","49.3271","-123.1578
V7W","West Vancouver West","BC","49.3465","-123.238
V7X","Vancouver (Bentall Centre)","BC","49.2935","-123.1162
V7Y","Vancouver (Pacific Centre)","BC","49.2816","-123.1247
V8A","Powell River","BC","49.8021","-124.5124
V8B","Squamish","BC","49.7497","-123.136
V8C","Kitimat","BC","54.0662","-128.6508
V8G","Terrace","BC","54.5058","-128.5823
V8J","Prince Rupert","BC","54.3146","-130.3413
V8K","Saltspring Island","BC","48.9145","-123.5657
V8L","Sidney","BC","48.6128","-123.4198
V8M","Central Saanich","BC","48.566","-123.4579
V8N","Saanich East","BC","48.471","-123.3438
V8P","Saanich Southeast","BC","48.4458","-123.3328
V8R","Oak Bay North","BC","48.4266","-123.3444
V8S","Oak Bay South","BC","48.4061","-123.3504
V8T","Victoria North","BC","48.4278","-123.3574
V8V","Victoria South","BC","48.4192","-123.3856
V8W","Victoria Central British Columbia Provincial Government","BC","48.4202","-123.3671
V8X","Saanich South","BC","48.4488","-123.3501
V8Y","Saanich North","BC","48.501","-123.3804
V8Z","Saanich Central","BC","48.4449","-123.3745
V9A","Esquimalt","BC","48.449","-123.3842
V9B","Highlands","BC","48.4519","-123.4417
V9C","Metchosin","BC","48.4544","-123.458
V9E","Saanich West","BC","48.4633","-123.4538
V9G","Ladysmith","BC","50.089","-125.3444
V9H","Campbell River Outskirts","BC","49.9164","-125.1875
V9J","Courtenay Northern Outskirts","BC","49.8684","-125.1252
V9K","Qualicum Beach","BC","49.3506","-124.409
V9L","Duncan","BC","48.7768","-123.7077
V9M","Comox","BC","49.6728","-124.947
V9N","Courtenay Central","BC","49.686","-125.0191
V9P","Parksville","BC","49.3233","-124.3227
V9R","Nanaimo South","BC","49.136","-123.9483
V9S","Nanaimo Central","BC","49.174","-123.9422
V9T","Nanaimo North","BC","49.2079","-123.979
V9V","Nanaimo Northwest","BC","49.2477","-124.0501
V9W","Campbell River Central","BC","50.0059","-125.2343
V9X","Cedar","BC","49.1207","-123.9284
V9Y","Port Alberni","BC","49.2197","-124.8101
R0A","Southeastern Manitoba (Lorette)","MB","49.0563","-96.1126
R0B","Northern Manitoba (Norway House)","MB","55.8244","-98.8348
R0C","North Interlake (Stonewall)","MB","50.7011","-97.1462
R0E","Eastern Manitoba (Beausejour)","MB","50.4275","-95.3439
R0G","South Central Manitoba (Altona)","MB","49.0698","-98.7619
R0H","South Interlake (MacGregor)","MB","49.7223","-99.0009
R0J","Riding Mountain (Neepawa)","MB","50.7774","-99.5546
R0K","Brandon Region (Killarney)","MB","49.0694","-99.527
R0L","Western Manitoba (Swan River)","MB","52.4175","-100.9577
R0M","Southwestern Manitoba (Virden)","MB","50.0226","-101.3637
R1A","Selkirk","MB","50.1483","-96.8756
R1B","Lockport","MB","50.0958","-96.9329
R1N","Portage la Prairie","MB","49.9694","-98.3131
R2C","Winnipeg (Transcona)","MB","49.9069","-97.0011
R2E","East St. Paul","MB","49.9611","-97.0212
R2G","Winnipeg (River East North)","MB","49.9465","-97.0585
R2H","Winnipeg (St. Boniface NW)","MB","49.8792","-97.1062
R2J","Winnipeg (St. Boniface NE)","MB","49.8717","-97.0765
R2K","Winnipeg (River East Central)","MB","49.9225","-97.0947
R2L","Winnipeg (River East South)","MB","49.9069","-97.0845
R2M","Winnipeg (St. Vital North)","MB","49.853","-97.0998
R2N","Winnipeg (St. Vital SW)","MB","49.819","-97.0926
R2P","Winnipeg (Seven Oaks West)","MB","49.9585","-97.1796
R2R","Winnipeg (Inkster West)","MB","49.9324","-97.1988
R2V","Winnipeg (Seven Oaks East)","MB","49.9378","-97.1183
R2W","Winnipeg (Point Douglas East)","MB","49.9241","-97.1292
R2X","Winnipeg (Point Douglas West / Inkster East)","MB","49.928","-97.1618
R2Y","Winnipeg (St. James-Assiniboia NW)","MB","49.8963","-97.297
R3A","Winnipeg (Centennial)","MB","49.9004","-97.1457
R3B","Winnipeg (Chinatown / Civic Centre / Exchange District)","MB","49.8972","-97.1366
R3C","Winnipeg (Broadway / The Forks / Portage and Main) Manitoba Provincial Government","MB","49.8788","-97.159
R3E","Winnipeg (Sargent Park / Daniel McIntyre / Inkster SE)","MB","49.9139","-97.1847
R3G","Winnipeg (Minto / St. Mathews / Wolseley)","MB","49.8826","-97.1623
R3H","Winnipeg (St. James-Assiniboia NE / YWG)","MB","49.8971","-97.2163
R3J","Winnipeg (St. James-Assiniboia SE)","MB","49.8858","-97.2601
R3K","Winnipeg (St. James-Assiniboia SW)","MB","49.8811","-97.3194
R3L","Winnipeg (River Heights East)","MB","49.8671","-97.1225
R3M","Winnipeg (River Heights Central)","MB","49.8663","-97.1639
R3N","Winnipeg (River Heights West)","MB","49.8722","-97.1888
R3P","Winnipeg (Fort Garry NW / Tuxedo)","MB","49.834","-97.1865
R3R","Winnipeg (Assiniboine South / Betsworth)","MB","49.854","-97.2712
R3S","Winnipeg (Wilkes South)","MB","49.842","-97.3083
R3T","Winnipeg (Fort Garry NE / University of Manitoba)","MB","49.849","-97.1497
R3V","Winnipeg (Fort Garry South)","MB","49.7732","-97.1561
R3W","Winnipeg (Grassie / Pequis)","MB","49.8968","-97.0279
R3X","Winnipeg (St. Boniface South / St. Vital SE)","MB","49.8378","-97.0675
R3Y","Winnipeg (Fort Garry West)","MB","49.8275","-97.183
R4A","West St. Paul","MB","49.977","-97.0633
R4H","Headingley East","MB","49.8628","-97.3348
R4J","Headingley West","MB","49.8987","-97.3843
R4K","Cartier","MB","49.8298","-97.7549
R4L","St. Francois Xavier","MB","49.8943","-97.5178
R5A","St. Adolphe","MB","49.7082","-96.9867
R5G","Steinbach","MB","49.5264","-96.6867
R5H","Ste. Anne","MB","49.6667","-96.648
R6M","Morden","MB","49.1861","-98.1204
R6W","Winkler","MB","49.1859","-97.9396
R7A","Brandon Southeast","MB","49.8431","-99.9452
R7B","Brandon Southwest","MB","49.8373","-99.9747
R7C","Brandon North","MB","49.8688","-99.9684
R7N","Dauphin","MB","51.1465","-100.0421
R8A","Flin Flon","MB","54.76","-101.8704
R8N","Thompson","MB","55.7428","-97.8779
R9A","The Pas","MB","53.8228","-101.2356
E1A","Dieppe Moncton East","NB","46.0625","-64.7105
E1B","Riverview","NB","46.0738","-64.755
E1C","Moncton Central","NB","46.0888","-64.7723
E1E","Moncton West","NB","46.0599","-64.844
E1G","Moncton Northwest","NB","46.1117","-64.834
E1H","Lakeville, Shediac Bridge","NB","46.1506","-64.6799
E1J","Coverdale","NB","45.9829","-64.8634
E1N","Miramichi South","NB","47.0155","-65.5071
E1V","Miramichi North","NB","47.0085","-65.5833
E1W","Caraquet","NB","47.7624","-65.0324
E1X","Tracadie-Sheila","NB","47.4883","-64.9189
E2A","Bathurst","NB","47.6605","-65.6414
E2E","Rothesay, Quispamsis","NB","45.4165","-65.9913
E2G","Quispamsis","NB","45.4397","-65.9392
E2H","Saint John Northeast, Renforth","NB","45.3481","-66.0186
E2J","Saint John East","NB","45.286","-66.0421
E2K","Saint John North","NB","45.2746","-66.0871
E2L","Saint John Central","NB","45.2742","-66.0645
E2M","Saint John West","NB","45.2758","-66.0845
E2N","Saint John Lakewood","NB","45.3151","-65.9615
E2P","Saint John Red Head","NB","45.2488","-66.0025
E2R","Saint John Grandview","NB","45.2735","-66.0099
E2S","Saint John Loch Lomond","NB","45.3679","-65.9564
E2V","Oromocto","NB","45.8509","-66.467
E3A","Fredericton North","NB","45.9784","-66.6905
E3B","Fredericton South New Brunswick Provincial Government","NB","45.9535","-66.6704
E3C","Fredericton Southwest, New Maryland","NB","45.9356","-66.6609
E3E","Kingsclear","NB","45.8134","-66.932
E3L","St. Stephen","NB","45.1728","-67.2946
E3N","Campbellton","NB","48.0091","-66.6707
E3V","Edmundston","NB","47.3614","-68.3218
E3Y","Grand Falls Northeast","NB","47.052","-67.7368
E3Z","Grand Falls Central","NB","47.0471","-67.7527
E4A","Bathurst","NB","46.1655","-65.872
E4B","Minto","NB","45.9393","-66.09
E4C","Youngs Cove","NB","45.808","-65.9652
E4E","Sussex","NB","45.7223","-65.5108
E4G","Smiths Creek","NB","45.9078","-65.5334
E4H","Hillsborough","NB","45.9078","-64.8245
E4J","Salisbury","NB","45.9787","-64.9898
E4K","Dorchester","NB","46.0477","-64.6202
E4L","Sackville","NB","45.8919","-64.3699
E4M","Bayfield","NB","46.0957","-63.9068
E4N","Cap-Pelé","NB","46.2313","-64.2615
E4P","Shediac","NB","46.2165","-64.5128
E4R","Cocagne","NB","46.2324","-64.785
E4S","Bouctouche","NB","46.4171","-64.9241
E4T","Bass River","NB","46.3026","-64.9648
E4V","Saint-Antoine","NB","46.3131","-64.5853
E4W","Richibucto","NB","46.6493","-64.8842
E4X","St-Louis-de-Kent","NB","46.735","-64.9744
E4Y","Rogersville","NB","46.7333","-65.4489
E4Z","Petitcodiac","NB","45.751","-65.048
E5A","Moores Mills","NB","45.2441","-66.9929
E5B","St. Andrews","NB","45.0732","-67.0428
E5C","St. George","NB","45.2441","-66.9929
E5E","Campobello Island","NB","44.887","-66.95
E5G","Grand Manan Island","NB","44.6586","-66.8625
E5H","Pennfield","NB","45.0766","-66.77
E5J","Lepreau","NB","45.2116","-66.3491
E5K","Grand Bay-Westfield","NB","45.331","-66.2095
E5L","Fredericton Junction","NB","45.5281","-66.511
E5M","Gagetown","NB","45.6287","-66.1751
E5N","Hampton","NB","45.5263","-65.8155
E5P","Apohaqui","NB","45.8489","-65.788
E5R","St. Martins","NB","45.3849","-65.6331
E5S","Kingston","NB","45.3571","-66.0858
E5T","Norton","NB","45.6769","-65.884
E5V","Deer Island","NB","45.0481","-66.9556
E6A","Boiestown","NB","46.2767","-66.7384
E6B","Stanley","NB","46.2324","-66.6683
E6C","Durham Bridge","NB","45.9523","-66.6717
E6E","Millville","NB","46.1296","-67.1953
E6G","Nackawic","NB","45.9942","-67.2397
E6H","Canterbury","NB","45.7207","-67.6516
E6J","McAdam","NB","45.5927","-67.2973
E6K","Harvey","NB","45.6975","-66.9557
E6L","Burtts Corner","NB","46.12","-66.9477
E7A","Baker Brook","NB","47.2542","-68.7211
E7B","Saint-Jacques","NB","47.4785","-68.415
E7C","Saint-Basile","NB","47.3516","-68.2208
E7E","Saint-Leonard","NB","47.1717","-67.925
E7G","Plaster Rock","NB","46.9097","-67.3971
E7H","Perth-Andover","NB","46.7284","-67.7057
E7J","Bath","NB","46.5082","-67.5871
E7K","Centreville","NB","46.4328","-67.7105
E7L","Florenceville","NB","46.4418","-67.63
E7M","Woodstock","NB","46.1368","-67.5817
E7N","Debec","NB","46.0089","-67.7236
E7P","Hartland","NB","46.3709","-67.445
E8A","Saint-Quentin","NB","47.5021","-67.3897
E8B","Kedgwick","NB","47.6454","-67.3437
E8C","Dalhousie","NB","48.0477","-66.4004
E8E","Balmoral","NB","47.9879","-66.5145
E8G","Belledune","NB","47.8741","-65.9102
E8J","Petit-Rocher","NB","47.7634","-65.8276
E8K","Beresford","NB","47.6736","-65.6795
E8L","Allardville","NB","47.5887","-65.0979
E8M","Saint-Isidore","NB","47.8022","-65.1862
E8N","Grande-Anse","NB","47.8219","-65.0917
E8P","Inkerman","NB","47.6656","-64.9543
E8R","Paquetville","NB","47.7443","-64.7222
E8S","Shippagan","NB","47.7456","-64.7143
E8T","Lamèque","NB","47.792","-64.652
E9A","Baie-Sainte-Anne","NB","46.7385","-65.8528
E9B","Blackville","NB","46.7772","-65.8638
E9C","Doaktown","NB","46.4477","-66.2584
E9E","Red Bank","NB","46.9795","-65.6715
E9G","Neguac","NB","47.2316","-65.1378
E9H","Brantville","NB","47.3272","-65.011
A0A","Southeastern Avalon Peninsula (Ferryland)","NL","47.0073","-52.9589
A0B","Western Avalon Peninsula (Argentia)","NL","47.7609","-53.9834
A0C","Bonavista Peninsula (Bonavista)","NL","48.3464","-53.9646
A0E","Burin Peninsula (Marystown)","NL","47.3597","-54.8984
A0G","Northeast Newfoundland (Lewisporte)","NL","49.4536","-54.1045
A0H","Central Newfoundland (Bishops Falls)","NL","49.1301","-56.0845
A0J","Northern Newfoundland (Springdale)","NL","49.5959","-55.6739
A0K","Northwest Newfoundland/Eastern Labrador (Mary's Harbour)","NL","51.2327","-56.7969
A0L","Western Newfoundland (Lark Harbour)","NL","48.9934","-58.1009
A0M","Southwestern Newfoundland (Channel-Port aux Basques)","NL","48.1816","-58.858
A0N","Port au Port Peninsula region (St. George's)","NL","48.6113","-58.8736
A0P","Central Labrador (Happy Valley-Goose Bay)","NL","55.8889","-60.8805
A0R","North/Western Labrador (Churchill Falls)","NL","53.5329","-64.0145
A1A","St. John's North","NL","47.571","-52.6961
A1B","St. John's Northwest Newfoundland & Labrador Provincial Government","NL","47.5736","-52.7083
A1C","St. John's North Central","NL","47.5677","-52.7031
A1E","St. John's Central","NL","47.5507","-52.7147
A1G","St. John's South","NL","47.5295","-52.7417
A1H","St. John's Southwest","NL","47.4926","-52.8123
A1K","Torbay","NL","47.6542","-52.7367
A1L","Paradise","NL","47.5363","-52.8389
A1M","Portugal Cove-St. Philips","NL","47.5982","-52.8384
A1N","Mount Pearl","NL","47.5203","-52.7789
A1S","Goulds","NL","47.462","-52.7895
A1V","Gander","NL","48.9632","-54.6169
A1W","Manuels","NL","47.5329","-52.9132
A1X","Conception Bay","NL","47.5238","-52.9595
A1Y","Carbonear","NL","48.9268","-55.6613
A2A","Grand Falls","NL","48.9249","-55.6493
A2B","Windsor","NL","48.949","-55.6725
A2H","Corner Brook","NL","48.9654","-57.9225
A2N","Stephenville","NL","48.5656","-58.6
A2V","Labrador City","NL","52.9348","-66.9145
A5A","Clarenville","NL","48.1666","-53.9628
A8A","Deer Lake","NL","49.1778","-57.413
B0C","North Victoria County (Dingwall)","NS","46.2811","-60.2825
B0E","West Cape Breton Island (Baddeck)","NS","45.5148","-60.966
B0H","Canso region (Havre Boucher)","NS","45.6051","-61.6975
B0J","Mainland east shore (Lunenburg)","NS","45.1458","-61.8108
B0K","Southern Northumberland Strait (Pictou)","NS","45.5808","-62.1969
B0L","Isthmus of Chignecto (River Hébert)","NS","45.5802","-64.6646
B0M","Cobequid Bay north shore (Springhill)","NS","45.3317","-64.7596
B0N","Hants County (Shubenacadie)","NS","44.8794","-63.7254
B0P","Kings County (Kingston)","NS","45.0191","-64.8882
B0R","West Lunenburg County (New Germany)","NS","44.7424","-65.5111
B0S","West Annapolis County (Middleton)","NS","44.6491","-65.5472
B0T","Queens County (Shelburne)","NS","43.7029","-65.1119
B0V","Digby Neck (Digby)","NS","44.03","-65.9445
B0W","Southwest Mainland (Weymouth)","NS","43.8187","-65.9517
B1A","Glace Bay","NS","46.1794","-59.9477
B1B","Port Morien","NS","46.1365","-59.8717
B1C","Louisbourg","NS","46.2152","-60.2452
B1E","Reserve Mines","NS","46.2003","-60.0215
B1G","Dominion","NS","46.2063","-60.0255
B1H","New Waterford","NS","46.2295","-60.0941
B1J","East Bay","NS","45.8365","-60.4435
B1K","Marion Bridge","NS","46.1309","-60.1864
B1L","Sydney Southwest","NS","46.0911","-60.2462
B1M","Sydney East","NS","46.169","-60.1013
B1N","Sydney North","NS","46.167","-60.1943
B1P","Sydney North Central","NS","46.1337","-60.1939
B1R","Sydney West","NS","46.1224","-60.2236
B1S","Sydney Central","NS","46.1334","-60.1947
B1T","Christmas Island","NS","46.1122","-60.2372
B1V","North Sydney North","NS","46.2383","-60.2165
B1W","Eskasoni","NS","45.9245","-60.6449
B1X","Big Bras d'Or","NS","46.2667","-60.4333
B1Y","Alder Point","NS","46.1811","-60.5067
B2A","North Sydney South Central","NS","46.2397","-60.0998
B2C","Iona","NS","45.6218","-62.0004
B2E","Loch Lomond","NS","45.6272","-61.9977
B2G","Antigonish","NS","45.6243","-61.9996
B2H","New Glasgow","NS","45.5937","-62.6585
B2J","Fourchu","NS","45.3747","-63.2951
B2N","Truro","NS","45.3486","-63.3029
B2R","Waverley","NS","44.7431","-63.5144
B2S","Lantz","NS","44.9775","-63.4209
B2T","Enfield","NS","44.8488","-63.5999
B2V","Dartmouth Morris Lake","NS","44.669","-63.5019
B2W","Dartmouth East Central","NS","44.6449","-63.5433
B2X","Dartmouth North Central","NS","44.6829","-63.5442
B2Y","Dartmouth South Central","NS","44.7314","-63.6482
B2Z","Dartmouth East","NS","44.7104","-63.4759
B3A","Dartmouth Southwest","NS","44.6663","-63.5763
B3B","Dartmouth Northwest","NS","44.6886","-63.6076
B3E","Porters Lake","NS","44.7227","-63.3973
B3G","Eastern Passage","NS","44.6156","-63.4929
B3H","Halifax Lower Harbour","NS","44.6224","-63.5736
B3J","Halifax Mid-Harbour Nova Scotia Provincial Government","NS","44.641","-63.5682
B3K","Halifax Upper Harbour","NS","44.6514","-63.5818
B3L","Halifax Central","NS","44.6464","-63.5929
B3M","Halifax Bedford Basin","NS","44.6617","-63.6291
B3N","Halifax South Central","NS","44.6327","-63.6219
B3P","Halifax North West Arm","NS","44.6284","-63.596
B3R","Halifax South","NS","44.5829","-63.5671
B3S","Halifax West","NS","44.6408","-63.6723
B3T","Lakeside","NS","44.6404","-63.6888
B3V","Harrietsfield","NS","44.5682","-63.6177
B3Z","Tantallon","NS","44.5539","-63.8307
B4A","Bedford Southeast","NS","44.7089","-63.6676
B4B","Bedford Northwest","NS","44.7235","-63.6899
B4C","Lower Sackville South","NS","44.7765","-63.6854
B4E","Lower Sackville West","NS","44.7803","-63.6916
B4G","Lower Sackville North","NS","44.805","-63.667
B4H","Amherst","NS","45.8353","-64.2182
B4N","Kentville","NS","45.0899","-64.4963
B4P","Wolfville","NS","45.0917","-64.3599
B4R","Coldbrook","NS","44.3695","-64.5197
B4V","Bridgewater","NS","44.3683","-64.506
B5A","Yarmouth","NS","43.8245","-66.1207
B9A","Port Hawkesbury","NS","45.612","-61.3486
X0E","Central Northwest Territories (Inuvik)","NT","62.4043","-110.7417
X0G","Southwestern Northwest Territories (Fort Liard)","NT","60.25","-123.41
X1A","Yellowknife","NT","62.4725","-114.3417
X0A","Outer Nunavut (Iqaluit)","NU","70.4643","-68.4789
X0B","Central Nunavut (Cambridge Bay)","NU","67.6963","-107.9068
X0C","Inner Nunavut (Rankin Inlet)","NU","62.2237","-92.5904
K0A","National Capital Region (Almonte)","ON","45.1953","-76.1496
K0B","Prescott and Russell United Counties (Alfred)","ON","45.4131","-74.9148
K0C","Stormont, Dundas and Glengarry United Counties (Alexandria)","ON","45.2228","-75.032
K0E","South Leeds and Grenville United Counties (Prescott)","ON","44.6478","-75.7656
K0G","Rideau Lakes area (Kemptville)","ON","45.0113","-75.6459
K0H","Frontenac County, Addington County, Loyalist Shores and Southwest Leeds (Inverary)","ON","44.2166","-76.6455
K0J","Renfrew County and Lanark Highlands Township (Deep River)","ON","45.3985","-78.0836
K0K","Quinte Shores, East Northumberland County & Prince Edward County (Picton)","ON","44.0594","-77.386
K0L","Peterborough County and North Hastings County (Lakefield)","ON","44.8324","-77.9302
K0M","Kawartha lakes and Haliburton County (Bobcaygeon)","ON","44.438","-78.6828
K1A","Government of Canada Ottawa and Gatineau offices","ON","45.4207","-75.7023
K1B","Gloucester (Blackburn Hamlet / Pine View)","ON","45.4325","-75.5624
K1C","Gloucester (West Orleans)","ON","45.4805","-75.5237
K1E","Orleans (Queenswood)","ON","45.4882","-75.5199
K1G","Ottawa (Riverview / Hawthorne)","ON","45.4118","-75.6304
K1H","Ottawa (Alta Vista)","ON","45.3938","-75.6639
K1J","Gloucester (Beacon Hill / Cyrville)","ON","45.422","-75.6303
K1K","Ottawa (Overbrook)","ON","45.4354","-75.6475
K1L","Ottawa (Vanier)","ON","45.44","-75.6524
K1M","Ottawa (Rockcliffe Park / New Edinburgh)","ON","45.4461","-75.6744
K1N","Ottawa (Lower Town / Sandy Hill / University of Ottawa)","ON","45.3176","-75.895
K1P","Ottawa (Parliament Hill)","ON","45.423","-75.702
K1R","Ottawa (West Downtown area)","ON","45.4","-75.7235
K1S","Ottawa (The Glebe / Ottawa South / Ottawa East)","ON","45.4127","-75.6742
K1T","Gloucester (Blossom Park / Hunt Club East / Leitrim)","ON","45.352","-75.6421
K1V","Ottawa (Riverside Park / Hunt Club West / Riverside South / YOW)","ON","45.3523","-75.6512
K1W","Gloucester (South Orleans)","ON","45.436","-75.5471
K1X","Gloucester South","ON","45.2884","-75.5992
K1Y","Ottawa West","ON","45.399","-75.7304
K1Z","Ottawa (Westboro)","ON","45.3956","-75.7462
K2A","Ottawa (Highland Park / Carlingwood)","ON","45.3778","-75.7632
K2B","Ottawa (Britannia / Pinecrest)","ON","45.3679","-75.7888
K2C","Ottawa (Queensway / Copeland / Carlington / Carleton Heights)","ON","45.3594","-75.7523
K2E","Nepean East","ON","45.3353","-75.7209
K2G","Nepean (Davidson Heights)","ON","45.3286","-75.7703
K2H","Nepean (Bells Corners)","ON","45.3155","-75.837
K2J","Nepean (Barrhaven)","ON","45.2882","-75.7566
K2K","Kanata (Beaverbrook / South March)","ON","45.3339","-75.9098
K2L","Kanata (Katimavik-Hazeldean / Glen Cairn)","ON","45.3125","-75.8838
K2M","Kanata (Bridlewood)","ON","45.2884","-75.8648
K2P","Ottawa (Centre Town)","ON","45.4129","-75.6901
K2R","Nepean (Fallowfield Village / Cedarhill Estates / Orchard Estates)","ON","45.2776","-75.7902
K2S","Stittsville","ON","45.2573","-75.9153
K2T","Kanata (Marchwood)","ON","45.3121","-75.9217
K2V","Kanata (Terry Fox / Palladium)","ON","45.3018","-75.9081
K2W","Kanata (North March)","ON","45.3564","-75.9445
K4A","Orleans (Fallingbrook)","ON","45.4769","-75.4835
K4B","Cumberland Township","ON","45.4251","-75.4288
K4C","Cumberland","ON","45.5177","-75.4108
K4K","Rockland","ON","45.5415","-75.3062
K4M","Manotick","ON","45.2289","-75.6817
K4P","Greely","ON","45.258","-75.5762
K4R","Russell","ON","45.2573","-75.3675
K6A","Hawkesbury","ON","45.6101","-74.6085
K6H","Cornwall East","ON","45.0186","-74.7129
K6J","Cornwall West","ON","45.0149","-74.7279
K6K","Cornwall North","ON","45.0607","-74.7542
K6T","Elizabethtown","ON","44.618","-75.6895
K6V","Brockville","ON","44.5906","-75.6808
K7A","Smiths Falls","ON","44.8995","-76.021
K7C","Carleton Place","ON","45.135","-76.1313
K7G","Gananoque","ON","44.3319","-76.1471
K7H","Perth","ON","44.902","-76.2457
K7K","Kingston (SW Pittsburgh Township)","ON","44.2322","-76.4799
K7L","Kingston (Downtown)","ON","44.231","-76.4791
K7M","Kingston (Reddendale / Cataraqui / Collins Bay)","ON","44.2274","-76.5134
K7N","Amherstview","ON","44.2255","-76.629
K7P","Kingston (Westbrook / Cataraqui Woods / Cedarwood)","ON","44.2507","-76.5828
K7R","Napanee","ON","44.2538","-76.943
K7S","Arnprior","ON","45.4238","-76.3624
K7V","Renfrew","ON","45.4779","-76.6731
K8A","Pembroke Central and northern subdivisions","ON","45.8173","-77.1174
K8B","Pembroke (Pleasant View / Fairview)","ON","45.815","-77.1107
K8H","Petawawa","ON","45.9151","-77.2754
K8N","Belleville East","ON","44.1607","-77.369
K8P","Belleville West","ON","44.1605","-77.3846
K8R","Belleville (SE Sidney Township / Avondale)","ON","44.1312","-77.4521
K8V","Trenton","ON","44.1106","-77.5569
K9A","Cobourg","ON","43.9851","-78.1621
K9H","Peterborough North","ON","44.299","-78.3145
K9J","Peterborough South","ON","44.2763","-78.313
K9K","Peterborough (Fairbairn Meadows / Jackson Heights)","ON","44.279","-78.3659
K9L","Peterborough (Terra View Heights / Woodland Acres / Donwood)","ON","44.3238","-78.303
K9V","Lindsay","ON","44.3512","-78.7192
L0A","West Northumberland County (Millbrook)","ON","44.1836","-78.5563
L0B","East Durham Regional Municipality (Orono)","ON","44.0286","-79.0015
L0C","West Durham Regional Municipality (Sunderland)","ON","44.0371","-79.1964
L0E","Lake Simcoe Southeast Shore (Sutton West)","ON","44.2406","-79.357
L0G","Ontario Centre (Queensville)","ON","44.1595","-79.8733
L0H","Whitby Region (Gormley)","ON","43.9282","-79.1201
L0J","North Peel Regional Municipality (Kleinburg)","ON","43.7788","-79.4991
L0K","Lake Simcoe North Shore (Coldwater)","ON","44.6072","-79.6291
L0L","Lake Simcoe West Shore (Oro)","ON","44.1535","-79.8683
L0M","Georgian Bay South Shore (Angus)","ON","44.1476","-79.872
L0N","Dufferin County (Shelburne)","ON","43.8582","-80.0696
L0P","Halton Regional Municipality (Campbellville)","ON","43.7882","-79.6754
L0R","East Haldimand County (Waterdown)","ON","43.1661","-80.0702
L0S","Niagara Regional Municipality (Fonthill)","ON","43.0796","-79.199
L1A","Port Hope","ON","43.9427","-78.2944
L1B","Bowmanville East","ON","43.8966","-78.6309
L1C","Bowmanville West","ON","43.9014","-78.6755
L1E","Courtice","ON","43.914","-78.6925
L1G","Oshawa Central","ON","43.898","-78.8656
L1H","Oshawa Southeast","ON","43.8973","-78.8641
L1J","Oshawa Southwest","ON","43.8587","-78.8341
L1K","Oshawa East","ON","43.9091","-78.8088
L1L","Oshawa North","ON","43.9527","-78.8795
L1M","Whitby North","ON","43.9561","-78.9556
L1N","Whitby Southeast","ON","43.8581","-78.9319
L1P","Whitby Southwest","ON","43.8744","-78.9638
L1R","Whitby Central","ON","43.9018","-78.9347
L1S","Ajax Southwest","ON","43.8265","-78.9991
L1T","Ajax Northwest","ON","43.8603","-79.0434
L1V","Pickering Southwest","ON","43.8087","-79.1307
L1W","Pickering South","ON","43.8125","-79.0827
L1X","Pickering Central","ON","43.8449","-79.0996
L1Y","Pickering North","ON","43.9903","-79.1004
L1Z","Ajax East","ON","43.8627","-79.0136
L2A","Fort Erie","ON","42.8845","-78.9398
L2E","Niagara Falls Central","ON","43.0939","-79.0699
L2G","Niagara Falls Southeast","ON","43.0963","-79.074
L2H","Niagara Falls West","ON","43.1148","-79.1238
L2J","Niagara Falls North","ON","43.1155","-79.0916
L2M","St. Catharines Northeast","ON","43.2237","-79.2191
L2N","St. Catharines Northwest","ON","43.1751","-79.2389
L2P","St. Catharines East","ON","43.1418","-79.2133
L2R","St. Catharines Central","ON","43.1719","-79.227
L2S","St. Catharines Southwest","ON","43.1275","-79.2631
L2T","St. Catharines South","ON","43.1334","-79.1989
L2V","St. Catharines Southeast","ON","43.1017","-79.1997
L2W","St. Catharines West","ON","43.1743","-79.2744
L3B","Welland East","ON","42.9859","-79.2232
L3C","Welland West","ON","42.9989","-79.2466
L3K","Port Colborne","ON","42.8754","-79.237
L3M","Grimsby","ON","43.2005","-79.6292
L3P","Markham Central","ON","43.8605","-79.3279
L3R","Markham Outer Southwest","ON","43.86","-79.3605
L3S","Markham Southeast","ON","43.831","-79.2768
L3T","Thornhill East","ON","43.7984","-79.4186
L3V","Orillia","ON","44.6039","-79.4126
L3X","Newmarket Southwest","ON","44.0464","-79.4874
L3Y","Newmarket Northeast","ON","44.0414","-79.4534
L3Z","Bradford","ON","44.1208","-79.5656
L4A","Stouffville","ON","43.9707","-79.2503
L4B","Richmond Hill Southeast","ON","43.8417","-79.4011
L4C","Richmond Hill Southwest","ON","43.8759","-79.4381
L4E","Richmond Hill North","ON","43.9423","-79.4595
L4G","Aurora","ON","43.9909","-79.4639
L4H","Woodbridge North","ON","43.8084","-79.6089
L4J","Thornhill West","ON","43.7964","-79.4278
L4K","Concord","ON","43.7848","-79.4811
L4L","Woodbridge South","ON","43.7886","-79.5919
L4M","Barrie North","ON","44.3885","-79.6886
L4N","Barrie South","ON","44.3891","-79.6901
L4P","Keswick","ON","44.2421","-79.4818
L4R","Midland","ON","44.7542","-79.9005
L4S","Richmond Hill Central","ON","43.8975","-79.4415
L4T","Mississauga (Malton)","ON","43.6951","-79.6525
L4V","Mississauga (Wildwood)","ON","43.6879","-79.6072
L4W","Mississauga (Matheson / East Rathwood)","ON","43.6272","-79.6222
L4X","Mississauga (East Applewood / East Dixie / NE Lakeview)","ON","43.5996","-79.5664
L4Y","Mississauga (West Applewood / West Dixie / NW Lakeview)","ON","43.5854","-79.583
L4Z","Mississauga (West Rathwood / East Hurontario / SE Gateway)","ON","43.6092","-79.6201
L5A","Mississauga (Mississauga Valleys / East Cooksville)","ON","43.5701","-79.5985
L5B","Mississauga (West Cooksville / Fairview / City Centre / East Creditview)","ON","43.5665","-79.6035
L5C","Mississauga (West Creditview / Mavis / Erindale)","ON","43.5591","-79.6186
L5E","Mississauga (Central Lakeview)","ON","43.571","-79.5668
L5G","Mississauga (SW Lakeview / Mineola / East Port Credit)","ON","43.5581","-79.5738
L5H","Mississauga (West Port Credit / Lorne Park / East Sheridan)","ON","43.5472","-79.585
L5J","Mississauga (Clarkson / Southdown)","ON","43.5146","-79.6063
L5K","Mississauga (West Sheridan)","ON","43.5319","-79.6403
L5L","Mississauga (Erin Mills / Western Business Park)","ON","43.5372","-79.6667
L5M","Mississauga (Churchill Meadows / Central Erin Mills / South Streetsville)","ON","43.5747","-79.7278
L5N","Mississauga (Lisgar / Meadowvale)","ON","43.5892","-79.7239
L5P","Mississauga (YYZ)","ON","43.6904","-79.6238
L5R","Mississauga (West Hurontario / SW Gateway)","ON","43.5974","-79.6402
L5S","Mississauga (Cardiff / NE Gateway)","ON","43.6975","-79.6615
L5T","Mississauga (Courtney Park / East Gateway)","ON","43.6578","-79.6607
L5V","Mississauga (East Credit)","ON","43.6097","-79.704
L5W","Mississauga (Meadowvale Village / West Gateway)","ON","43.6261","-79.729
L6A","Maple","ON","43.857","-79.514
L6B","Markham East","ON","43.8845","-79.2339
L6C","Markham Northwest","ON","43.8842","-79.3359
L6E","Markham Northeast","ON","43.8927","-79.2641
L6G","Markham Inner Southwest","ON","43.8478","-79.3447
L6H","Oakville North","ON","43.4543","-79.6921
L6J","Oakville Northeast","ON","43.4427","-79.6664
L6K","Oakville East","ON","43.4401","-79.669
L6L","Oakville South","ON","43.4037","-79.6934
L6M","Oakville West","ON","43.4453","-79.7095
L6P","Brampton North","ON","43.7794","-79.7284
L6R","Brampton Northwest","ON","43.7494","-79.7511
L6S","Brampton North Central","ON","43.7153","-79.7321
L6T","Brampton East","ON","43.6892","-79.7079
L6V","Brampton Central","ON","43.7074","-79.7853
L6W","Brampton Southeast","ON","43.6746","-79.724
L6X","Brampton Southwest","ON","43.6858","-79.7602
L6Y","Brampton South","ON","43.6699","-79.7444
L6Z","Brampton West Central","ON","43.7304","-79.8042
L7A","Brampton West","ON","43.7023","-79.7909
L7B","King City","ON","43.9327","-79.5104
L7C","Caledon","ON","43.7467","-79.8304
L7E","Bolton","ON","43.8628","-79.7147
L7G","Georgetown","ON","43.644","-79.8787
L7J","Acton","ON","43.634","-80.0491
L7L","Burlington Northeast","ON","43.3479","-79.7593
L7M","Burlington North","ON","43.3585","-79.8093
L7N","Burlington East","ON","43.3336","-79.7771
L7P","Burlington West","ON","43.3503","-79.8117
L7R","Burlington Southeast","ON","43.3248","-79.7957
L7S","Burlington South","ON","43.304","-79.7991
L7T","Burlington Southwest","ON","43.3018","-79.8497
L8E","Hamilton (Confederation Park / Nashdale / East Kentley / Riverdale / Lakely / Grayside / North Stoney Creek)","ON","43.2318","-79.7696
L8G","Hamilton (Greenford / North Gershome / West Stoney Creek)","ON","43.2298","-79.7722
L8H","Hamilton (West Kentley / McQuesten / Parkview / Hamilton Beach / East Industrial Sector / Normanhurst / Homeside / East Crown Point)","ON","43.2369","-79.7991
L8J","Hamilton (East Albion Falls / South Stoney Creek)","ON","43.1907","-79.7878
L8K","Hamilton (East Delta / Bartonville / Glenview / Rosedale / Lower King's Forest / Red Hill / Corman / Vincent / South Gershome)","ON","43.2424","-79.8192
L8L","Hamilton (West Industrial Sector / West Crown Point / North Stipley / North Gibson / Landsdale / Keith / North End / Beasley)","ON","43.2645","-79.8664
L8M","Hamilton (West Delta / Blakeley / South Stipley / South Gibson / St. Clair)","ON","43.2522","-79.8489
L8N","Hamilton (Stinson / Corktown)","ON","43.2566","-79.8683
L8P","Hamilton (Durand / Kirkendall / Chedoke Park)","ON","43.257","-79.8697
L8R","Hamilton (Central / Strathcona / South Dundurn)","ON","43.2574","-79.8676
L8S","Hamilton (Westdale / Cootes Paradise / Ainslie Wood)","ON","43.2604","-79.8961
L8T","Hamilton (Sherwood / Huntington / Upper King's Forest / Lisgar / Berrisfield / Hampton Heights / Sunninghill)","ON","43.2365","-79.8338
L8V","Hamilton (Raleigh / Macassa / Lawfield / Thorner / Burkholme / Eastmount)","ON","43.2428","-79.8524
L8W","Hamilton (West Albion Falls / Hannon / Rymal / Trenholme / Quinndale / Templemead / Broughton / Eleanor / Randall / Rushdale / Butler / East Chappel)","ON","43.2141","-79.8626
L9A","Hamilton (Crerar / Bruleville / Hill Park / Inch Park / Centremount / Balfour / Greeningdon / Jerome)","ON","43.241","-79.8452
L9B","Hamilton (Barnstown / West Chappel / Allison / Ryckmans / Mewburn / Sheldon / Falkirk / Carpenter / Kennedy / Southwest Outskirts)","ON","43.2116","-79.8915
L9C","Hamilton (Southam / Bonnington / Yeoville / Kernighan / Gourley / Rolston / Buchanan / Mohawk / Westcliffe / Gilbert / Gilkson / Gurnett / Fessenden / Mountview)","ON","43.2432","-79.876
L9G","Ancaster West","ON","43.2199","-79.9874
L9H","Dundas","ON","43.2638","-79.9505
L9K","Ancaster East","ON","43.2359","-79.9403
L9L","Port Perry","ON","44.0905","-78.9479
L9M","Penetanguishene","ON","44.7672","-79.9385
L9N","Holland Landing","ON","44.1315","-79.4823
L9P","Uxbridge","ON","44.1065","-79.1427
L9R","Alliston","ON","44.1513","-79.8744
L9S","Innisfil","ON","44.2871","-79.6703
L9T","Milton","ON","43.5034","-79.8773
L9V","Orangeville North","ON","43.9471","-80.1091
L9W","Orangeville South","ON","43.9258","-80.1056
L9Y","Collingwood","ON","44.5029","-80.2176
L9Z","Wasaga Beach","ON","44.5208","-80.0162
M1B","Scarborough (Malvern / Rouge River)","ON","43.7976","-79.227
M1C","Scarborough (Rouge Hill / Port Union / Highland Creek)","ON","43.7882","-79.1911
M1E","Scarborough (Guildwood / Morningside / Ellesmere)","ON","43.7385","-79.2021
M1G","Scarborough (Woburn)","ON","43.7563","-79.2224
M1H","Scarborough (Cedarbrae)","ON","43.7563","-79.2417
M1J","Scarborough (Eglinton)","ON","43.7315","-79.246
M1K","Scarborough (Kennedy Park / Ionview / East Birchmount Park)","ON","43.7025","-79.2656
M1L","Scarborough (The Golden Mile / Clairlea / Oakridge / Birchmount Park East)","ON","43.6905","-79.2857
M1M","Scarborough (Cliffside / Cliffcrest / Scarborough Village West)","ON","43.7041","-79.2446
M1N","Scarborough (Birch Cliff / Cliffside West)","ON","43.6748","-79.2764
M1P","Scarborough (Dorset Park / Wexford Heights / Scarborough Town Centre)","ON","43.7422","-79.2818
M1R","Scarborough (Wexford / Maryvale)","ON","43.7293","-79.3038
M1S","Scarborough (Agincourt)","ON","43.7807","-79.2855
M1T","Scarborough (Clarks Corners / Tam O'Shanter / Sullivan)","ON","43.7719","-79.3213
M1V","Scarborough (Milliken / Agincourt North / Steeles East / L'Amoreaux East)","ON","43.813","-79.2781
M1W","Scarborough (Steeles West / L'Amoreaux West)","ON","43.7822","-79.3261
M1X","Scarborough (Upper Rouge)","ON","43.8275","-79.2437
M2H","North York (Hillcrest Village)","ON","43.7895","-79.3735
M2J","North York (Fairview / Henry Farm / Oriole)","ON","43.7685","-79.3584
M2K","North York (Bayview Village)","ON","43.7657","-79.3835
M2L","North York (York Mills / Silver Hills)","ON","43.7352","-79.3818
M2M","Willowdale East (Newtonbrook)","ON","43.784","-79.4263
M2N","Willowdale South","ON","43.7521","-79.4202
M2P","North York (York Mills West)","ON","43.7393","-79.4005
M2R","Willowdale West","ON","43.7648","-79.4325
M3A","North York (York Heights / Victoria Village / Parkway East)","ON","43.7358","-79.328
M3B","Don Mills North","ON","43.7363","-79.3498
M3C","Don Mills South (Flemingdon Park)","ON","43.7122","-79.3237
M3H","North York (Armour Heights / Wilson Heights / Downsview North)","ON","43.7387","-79.4337
M3J","North York (Northwood Park / York University)","ON","43.7496","-79.4886
M3K","Downsview East (CFB Toronto)","ON","43.7271","-79.4666
M3L","Downsview West","ON","43.7183","-79.5119
M3M","Downsview Central","ON","43.72","-79.5085
M3N","North York (Jane and Finch)","ON","43.7387","-79.5166
M4A","North York (Sweeney Park / Wigmore Park)","ON","43.7159","-79.3037
M4B","East York (Parkview Hill / Woodbine Gardens)","ON","43.6979","-79.2986
M4C","East York (Woodbine Heights)","ON","43.68","-79.3218
M4E","East Toronto (The Beaches)","ON","43.6675","-79.296
M4G","East York (Leaside)","ON","43.6918","-79.3708
M4H","East York (Thorncliffe Park)","ON","43.7018","-79.3578
M4J","East Toronto (The Danforth East)","ON","43.6713","-79.3412
M4K","East Toronto (The Danforth West / Riverdale)","ON","43.6668","-79.3501
M4L","East Toronto (India Bazaar / The Beaches West)","ON","43.662","-79.3281
M4M","East Toronto (Studio District)","ON","43.6505","-79.3369
M4N","Central Toronto (Lawrence Park East)","ON","43.7168","-79.3998
M4P","Central Toronto (Davisville North)","ON","43.7066","-79.398
M4R","Central Toronto (North Toronto West)","ON","43.7066","-79.3996
M4S","Central Toronto (Davisville)","ON","43.6964","-79.3953
M4T","Central Toronto (Moore Park / Summerhill East)","ON","43.6825","-79.3897
M4V","Central Toronto (Summerhill West / Rathnelly / South Hill / Forest Hill SE / Deer Park)","ON","43.6778","-79.3992
M4W","Downtown Toronto (Rosedale)","ON","43.6699","-79.3887
M4X","Downtown Toronto (St. James Town / Cabbagetown)","ON","43.6647","-79.3695
M4Y","Downtown Toronto (Church and Wellesley)","ON","43.6618","-79.3847
M5A","Downtown Toronto (Regent Park / Port of Toronto)","ON","43.6369","-79.3505
M5B","Downtown Toronto (Ryerson)","ON","43.6543","-79.3796
M5C","Downtown Toronto (St. James Park)","ON","43.687","-79.5318
M5E","Downtown Toronto (Berczy Park)","ON","43.639","-79.4499
M5G","Downtown Toronto (Central Bay Street)","ON","43.6519","-79.3874
M5H","Downtown Toronto (Richmond / Adelaide / King)","ON","43.649","-79.3784
M5J","Downtown Toronto (Harbourfront East / Union Station / Toronto Island)","ON","43.6441","-79.3801
M5K","Downtown Toronto (Toronto Dominion Centre / Design Exchange)","ON","43.6469","-79.3823
M5L","Downtown Toronto (Commerce Court / Victoria Hotel)","ON","43.6492","-79.3823
M5M","North York (Bedford Park / Lawrence Park West / Lawrence Manor East)","ON","43.7248","-79.4033
M5N","Central Toronto (Roselawn)","ON","43.7043","-79.4093
M5P","Central Toronto (Forest Hill North & West)","ON","43.6981","-79.3987
M5R","Central Toronto (The Annex / North Midtown / Yorkville)","ON","43.6705","-79.3901
M5S","Downtown Toronto (University of Toronto / Harbord)","ON","43.6619","-79.3952
M5T","Downtown Toronto (Kensington Market / Chinatown / Grange Park)","ON","43.6497","-79.3952
M5V","Downtown Toronto (CN Tower / King and Spadina / Railway Lands / Harbourfront West / Bathurst Quay / South Niagara / YTZ)","ON","43.6525","-79.3686
M5W","Downtown Toronto Stn A PO Boxes 25 The Esplanade (Enclave of M5E)","ON","43.6437","-79.3787
M5X","Downtown Toronto (Underground city)","ON","43.6492","-79.3823
M6A","North York (Lawrence Manor / Lawrence Heights)","ON","43.7193","-79.43
M6B","North York (Glencairn)","ON","43.7054","-79.4272
M6C","York (Cedarvale)","ON","43.683","-79.4184
M6E","York (Fairbank / Oakwood)","ON","43.6797","-79.4358
M6G","Downtown Toronto (Christie)","ON","43.6565","-79.4079
M6H","West Toronto (Dufferin / Dovercourt Village)","ON","43.6536","-79.4258
M6J","West Toronto (Rua Aþores / Trinity)","ON","43.644","-79.4062
M6K","West Toronto (Brockton / Parkdale Village / Exhibition Place)","ON","43.6392","-79.4058
M6L","North York (North Park / Maple Leaf Park / Upwood Park)","ON","43.7103","-79.4714
M6M","York (Del Ray / Keelsdale / Mount Dennis / Silverthorne)","ON","43.6815","-79.4668
M6N","York (Runnymede / The Junction North)","ON","43.668","-79.4515
M6P","West Toronto (High Park / The Junction South)","ON","43.6558","-79.4663
M6R","West Toronto (Parkdale / Roncesvalles Village)","ON","43.6403","-79.4374
M6S","West Toronto (Bloor West Village / Swansea)","ON","43.6358","-79.4668
M7A","Queen's Park Ontario Provincial Government","ON","43.6641","-79.3889
M7Y","East Toronto Business Reply Mail Processing Centre 969 Eastern (Enclave of M4L)","ON","43.7804","-79.2505
M8V","Etobicoke (New Toronto / Mimico South / Humber Bay Shores)","ON","43.6305","-79.4762
M8W","Etobicoke (Alderwood / Long Branch)","ON","43.5908","-79.5218
M8X","Etobicoke (The Kingsway / Montgomery Road / Old Mill North)","ON","43.649","-79.4977
M8Y","Etobicoke (Old Mill South / King's Mill Park / Sunnylea / Humber Bay / Mimico NE / The Queensway East / Royal York South East / Kingsway Park South East)","ON","43.6181","-79.4967
M8Z","Etobicoke (Mimico NW / The Queensway West / South of Bloor / Kingsway Park South West / Royal York South West)","ON","43.6053","-79.5201
M9A","Etobicoke (Islington Avenue)","ON","43.6434","-79.5297
M9B","Etobicoke (West Deane Park / Princess Gardens / Martin Grove / Islington / Cloverdale)","ON","43.6383","-79.5356
M9C","Etobicoke (Eringate / Bloordale Gardens / Old Burnhamthorpe / Markland Woods)","ON","43.6088","-79.5574
M9L","North York (Humber Summit)","ON","43.7494","-79.5614
M9M","North York (Humberlea / Emery)","ON","43.7182","-79.5216
M9N","Weston","ON","43.7087","-79.5287
M9P","Etobicoke (Westmount)","ON","43.6814","-79.5367
M9R","Etobicoke (Kingsview Village / St. Phillips / Martin Grove Gardens / Richview Gardens)","ON","43.6808","-79.5438
M9V","Etobicoke (South Steeles / Silverstone / Humbergate / Jamestown / Mount Olive / Beaumond Heights / Thistletown / Albion Gardens)","ON","43.73","-79.5542
M9W","Etobicoke Northwest (Clairville / Humberwood / Woodbine Downs / West Humber / Kipling Heights / Rexdale / Elms / Tandridge / Old Rexdale)","ON","43.6772","-79.5894
N0A","West Haldimand (Port Dover)","ON","42.9466","-79.8509
N0B","Wellington (Elora)","ON","43.7722","-80.6586
N0C","Georgian Bay Southwest Shore (Dundalk)","ON","44.2999","-80.4804
N0E","Brant and Norfolk (Waterford)","ON","43.0986","-80.5633
N0G","Huron (Wingham)","ON","43.8567","-81.4023
N0H","Bruce Peninsula (Wiarton)","ON","44.3483","-80.914
N0J","Oxford (Norwich)","ON","43.221","-80.5613
N0K","Perth (Mitchell)","ON","43.5838","-81.2351
N0L","Elgin (Dorchester)","ON","42.8188","-81.6437
N0M","Middlesex (Clinton)","ON","43.5651","-81.6986
N0N","Lambton (Forest)","ON","42.7967","-81.7938
N0P","Kent (Blenheim)","ON","42.5323","-81.7991
N0R","Essex (Belle River)","ON","42.2932","-82.7075
N1A","Dunnville","ON","42.9132","-79.6101
N1C","Guelph South","ON","43.5036","-80.2394
N1E","Guelph North","ON","43.5749","-80.2688
N1G","Guelph Central","ON","43.5325","-80.2531
N1H","Guelph Northwest","ON","43.555","-80.2868
N1K","Guelph West","ON","43.5156","-80.2827
N1L","Guelph East","ON","43.5225","-80.2095
N1M","Fergus","ON","43.7157","-80.387
N1P","Cambridge South","ON","43.3372","-80.3021
N1R","Cambridge Central","ON","43.3831","-80.3191
N1S","Cambridge Southwest","ON","43.3742","-80.3457
N1T","Cambridge East","ON","43.4067","-80.3037
N2A","Kitchener East","ON","43.4353","-80.4527
N2B","Kitchener Northeast","ON","43.448","-80.4589
N2C","Kitchener South Central","ON","43.4346","-80.4532
N2E","Kitchener Southwest","ON","43.4236","-80.48
N2G","Kitchener Central","ON","43.4497","-80.4893
N2H","Kitchener North Central","ON","43.4487","-80.4849
N2J","Waterloo Southeast","ON","43.4613","-80.507
N2K","Kitchener North","ON","43.4801","-80.4801
N2L","Waterloo South","ON","43.4529","-80.5281
N2M","Kitchener Northwest","ON","43.4422","-80.4968
N2N","Kitchener West","ON","43.4241","-80.5214
N2P","Kitchener Southeast","ON","43.3938","-80.4443
N2R","Kitchener South","ON","43.3965","-80.4575
N2T","Waterloo Southwest","ON","43.4511","-80.5572
N2V","Waterloo Northwest","ON","43.5036","-80.5413
N2Z","Kincardine","ON","44.1821","-81.6373
N3A","Baden","ON","43.4161","-80.688
N3B","Elmira","ON","43.5852","-80.5662
N3C","Cambridge Northeast","ON","43.4317","-80.3112
N3E","Cambridge Northwest","ON","43.4244","-80.3364
N3H","Cambridge West","ON","43.4061","-80.3503
N3L","Paris","ON","43.1834","-80.3749
N3P","Brantford Northeast","ON","43.1884","-80.2422
N3R","Brantford Central","ON","43.1501","-80.2766
N3S","Brantford Southeast","ON","43.1242","-80.2412
N3T","Brantford Southwest","ON","43.1094","-80.275
N3V","Brantford Northwest","ON","43.1704","-80.2937
N3W","Caledonia","ON","43.0776","-79.9639
N3Y","Simcoe","ON","42.8126","-80.3091
N4B","Delhi","ON","42.824","-80.4811
N4G","Tillsonburg","ON","42.8806","-80.7527
N4K","Owen Sound","ON","44.5519","-80.9385
N4L","Meaford","ON","44.6079","-80.5922
N4N","Hanover","ON","44.1385","-81.0237
N4S","Woodstock Central","ON","43.1277","-80.7743
N4T","Woodstock North","ON","43.1477","-80.7285
N4V","Woodstock South","ON","43.1127","-80.7368
N4W","Listowel","ON","43.7315","-80.9533
N4X","St. Mary's","ON","43.261","-81.1516
N4Z","Stratford South","ON","43.3555","-80.9961
N5A","Stratford North","ON","43.3717","-80.9844
N5C","Ingersoll","ON","43.027","-80.8706
N5H","Aylmer","ON","42.7797","-80.9864
N5L","Port Stanley","ON","42.6652","-81.2018
N5P","St. Thomas North","ON","42.7788","-81.2134
N5R","St. Thomas South","ON","42.7725","-81.2003
N5V","London (YXU / North and East Argyle / East Huron Heights)","ON","42.9927","-81.1686
N5W","London East (SW Argyle / Hamilton Road)","ON","42.9778","-81.1941
N5X","London (Fanshawe / Stoneybrook / Stoney Creek / Uplands / East Masonville)","ON","43.0303","-81.2676
N5Y","London (West Huron Heights / Carling)","ON","43.0093","-81.21
N5Z","London (Glen Cairn)","ON","42.9743","-81.1946
N6A","London North (UWO)","ON","42.9793","-81.2556
N6B","London Central","ON","42.9759","-81.229
N6C","London South (East Highland / North White Oaks / North Westminster)","ON","42.9799","-81.2609
N6E","London (South White Oaks / Central Westminster / East Longwoods / West Brockley)","ON","42.9419","-81.2475
N6G","London (Sunningdale / West Masonville / Medway / NE Hyde Park / East Fox Hollow)","ON","42.9943","-81.2623
N6H","London West (Central Hyde Park / Oakridge)","ON","42.9899","-81.2607
N6J","London (Southcrest / East Westmount / West Highland)","ON","42.9797","-81.2639
N6K","London (Riverbend / Woodhull / North Sharon Creek / Byron / West Westmount)","ON","42.9627","-81.2948
N6L","London (East Tempo)","ON","42.9344","-81.2802
N6M","London (Jackson / Old Victoria / Bradley / North Highbury)","ON","42.9922","-81.1398
N6N","London (South Highbury / Glanworth / East Brockley / SE Westminster)","ON","42.9324","-81.1916
N6P","London (Talbot / Lambeth / West Tempo / South Sharon Creek)","ON","42.9114","-81.2999
N7A","Goderich","ON","43.7347","-81.7105
N7G","Strathroy","ON","42.9625","-81.6081
N7L","Chatham Northwest","ON","42.4029","-82.1941
N7M","Chatham Southeast","ON","42.3997","-82.1996
N7S","Sarnia Central","ON","42.9607","-82.3718
N7T","Sarnia Southwest","ON","42.971","-82.4084
N7V","Sarnia Northwest","ON","42.9891","-82.399
N7W","Sarnia Southeast","ON","42.9838","-82.3214
N7X","Sarnia Northeast","ON","43.0147","-82.3417
N8A","Wallaceburg","ON","42.5799","-82.3823
N8H","Leamington","ON","42.0606","-82.6029
N8M","Essex","ON","42.1754","-82.8226
N8N","Tecumseh Outskirts","ON","42.3326","-82.8926
N8P","Windsor (East Riverside)","ON","42.3391","-82.9279
N8R","Windsor (East Forest Glade)","ON","42.3136","-82.9338
N8S","Windsor (Riverside)","ON","42.3307","-82.9752
N8T","Windsor (West Forest Glade / East Fontainbleu)","ON","42.3188","-82.965
N8V","Tecumseh (YQG)","ON","42.2679","-82.9699
N8W","Windsor (South Walkerville / West Fontainbleu / Walker Farm / Devonshire)","ON","42.3062","-83.0017
N8X","Windsor South Central (West Walkerville / Remington Park)","ON","42.3039","-83.0308
N8Y","Windsor East (East Walkerville)","ON","42.3251","-83.0171
N9A","Windsor (City Centre / NW Walkerville)","ON","42.3159","-83.0393
N9B","Windsor (University / South Cameron)","ON","42.3158","-83.0568
N9C","Windsor (Sandwich / Ojibway / West Malden)","ON","42.3077","-83.0724
N9E","Windsor South (East Malden)","ON","42.2736","-83.0416
N9G","Windsor (Roseland)","ON","42.2581","-82.9988
N9H","La Salle East","ON","42.2351","-82.998
N9J","La Salle West","ON","42.247","-83.1
N9K","Tecumseh Central","ON","42.049","-83.1032
N9V","Amherstburg","ON","42.1106","-83.1115
N9Y","Kingsville","ON","42.0377","-82.7394
P0A","Nipissing Central (Burk's Falls)","ON","45.4139","-79.6728
P0B","Nipissing South (Utterson)","ON","45.1103","-79.158
P0C","Parry Sound Mid-Shore (Bala)","ON","44.8462","-79.7954
P0E","Parry Sound South Shore (Kilworthy)","ON","44.8935","-79.741
P0G","Parry Sound North Shore (Nobel)","ON","45.9033","-80.5762
P0H","Nipissing North (Callander)","ON","45.8738","-79.8846
P0J","Timiskaming South (Temiskaming Shores)","ON","47.6756","-79.5424
P0K","Timiskaming North (Iroquois Falls A)","ON","48.1346","-80.0769
P0L","Cochrane Region (Hearst)","ON","52.923","-82.4173
P0M","Algoma, Sudbury District and Greater Sudbury (Chelmsford)","ON","46.1329","-80.8231
P0N","Timmins Region (South Porcupine)","ON","48.4466","-80.8161
P0P","Manitoulin (Little Current)","ON","46.0182","-82.2507
P0R","Algoma Southwest (Blind River)","ON","46.1849","-82.8228
P0S","Lake Superior East Shore (Wawa)","ON","46.9551","-84.5005
P0T","Lake Superior North Shore (Marathon)","ON","50.139","-89.0561
P0V","Northwestern Ontario (Red Lake)","ON","50.2407","-90.2024
P0W","Rainy River Region (Emo)","ON","48.7778","-93.962
P0X","Kenora Region (Keewatin)","ON","49.7003","-94.8583
P0Y","Lake of the Woods East Shore (Ingolf)","ON","49.7857","-95.1168
P1A","North Bay South","ON","46.3036","-79.4624
P1B","North Bay Central","ON","46.3094","-79.464
P1C","North Bay North","ON","46.3411","-79.4457
P1H","Huntsville","ON","45.3272","-79.2151
P1L","Bracebridge","ON","45.057","-79.3366
P1P","Gravenhurst","ON","44.9451","-79.3549
P2A","Parry Sound","ON","45.3405","-80.0365
P2B","Sturgeon Falls","ON","46.3664","-79.9178
P2N","Kirkland Lake","ON","48.151","-80.0328
P3A","Greater Sudbury (New Sudbury)","ON","46.5076","-80.9872
P3B","Greater Sudbury (Downtown / Minnow Lake)","ON","46.4769","-80.9099
P3C","Greater Sudbury (Gatchell / West End / Little Britain)","ON","46.4727","-81.0291
P3E","Greater Sudbury (Robinson / Lockerby)","ON","46.4918","-80.9955
P3G","Greater Sudbury (Lo-Ellen / McFarlane Lake)","ON","46.4106","-81.0517
P3L","Greater Sudbury (Garson)","ON","46.5625","-80.8665
P3N","Greater Sudbury (Val Caron)","ON","46.6191","-81.0356
P3P","Greater Sudbury (Hanmer)","ON","46.6318","-81.0147
P3Y","Greater Sudbury (Lively)","ON","46.4223","-81.1165
P4N","Timmins Southeast","ON","48.4757","-81.3366
P4P","Timmins North","ON","48.4951","-81.3513
P4R","Timmins West","ON","48.473","-81.3765
P5A","Elliot Lake","ON","46.372","-82.6721
P5E","Espanola","ON","46.2629","-81.7719
P5N","Kapuskasing","ON","49.4134","-82.4203
P6A","Sault Ste. Marie East","ON","46.5175","-84.3414
P6B","Sault Ste. Marie Central","ON","46.5105","-84.321
P6C","Sault Ste. Marie North","ON","46.5245","-84.3768
P7A","Thunder Bay Northeast","ON","48.4578","-89.1885
P7B","Thunder Bay North Central","ON","48.4349","-89.2192
P7C","Thunder Bay Central","ON","48.3852","-89.242
P7E","Thunder Bay South Central","ON","48.3775","-89.2704
P7G","Thunder Bay North","ON","48.4511","-89.273
P7J","Thunder Bay South","ON","48.3187","-89.3415
P7K","Thunder Bay West","ON","48.3959","-89.3556
P8N","Dryden","ON","49.7856","-92.8364
P8T","Sioux Lookout","ON","50.0885","-91.9086
P9A","Fort Frances","ON","48.6075","-93.3869
P9N","Kenora","ON","49.7667","-94.4848
C0A","Montague","PE","46.1668","-62.6487
C0B","Prince County (Portage)","PE","46.3182","-63.5586
C1A","Charlottetown Southeast Prince Edward Island Provincial Government","PE","46.2318","-63.1192
C1B","Stratford","PE","46.2067","-63.0729
C1C","Charlottetown North","PE","46.2688","-63.1097
C1E","Charlottetown West","PE","46.2607","-63.16
C1N","Summerside","PE","46.3907","-63.7868
G0A","Capitale-Nationale (Stoneham)","QC","46.8524","-72.0259
G0B","Cap-aux-Meules","QC","47.3983","-61.7742
G0C","Gaspésie-Sud (New Richmond)","QC","48.1496","-65.7053
G0E","Gaspésie-Nord (Grande-Vallée)","QC","48.9298","-64.3438
G0G","Côte-Nord/Anticosti (Schefferville)","QC","50.1169","-62.4136
G0H","Manicouagan (Baie-Trinité)","QC","49.1633","-68.3335
G0J","Gaspésie-Ouest (Causapscal)","QC","49.0226","-66.8158
G0K","Bas-St-Laurent- Est (Sainte-Luce)","QC","48.3473","-68.3948
G0L","Bas-St-Laurent- Ouest (Trois-Pistoles)","QC","47.6843","-68.8681
G0M","Région de Beauce (Saint-Prosper-De- Dorchester)","QC","46.2057","-70.8326
G0N","Chaudière-Sud (Disraeli)","QC","46.0651","-71.4352
G0P","Centre-du- Québec-Est (Saint-Valère)","QC","45.8641","-71.6523
G0R","Appalaches (La Pocatière)","QC","46.9055","-70.7456
G0S","Chaudière-Nord (Saint-Joseph- De-Beauce)","QC","46.2635","-70.7929
G0T","Le Fjord (Forestville)","QC","47.6525","-70.4067
G0V","Saguenay- Lac-St-Jean (Alouette)","QC","48.3448","-70.9869
G0W","Région de Mistassini (Chambord)","QC","48.8854","-72.4433
G0X","Mauricie (Parent)","QC","46.6996","-72.643
G0Y","L'Erable (Nantes)","QC","45.6544","-71.0379
G0Z","Centre-du- Québec-Nord (Daveluyville)","QC","46.152","-72.1347
G1A","Quebec Provincial Government","QC","46.9181","-71.2036
G1B","Beauport North","QC","46.9179","-71.1964
G1C","Beauport Central","QC","46.8886","-71.2212
G1E","Beauport South","QC","46.876","-71.192
G1G","Jean-Talon Southeast","QC","46.8921","-71.3056
G1H","Charlesbourg South","QC","46.8615","-71.2698
G1J","Quebec City Lower Riverbank","QC","46.8483","-71.234
G1K","Quebec City Mid-Riverbank","QC","46.8143","-71.2431
G1L","Quebec City Northeast","QC","46.8396","-71.2506
G1M","Quebec City North Central","QC","46.8165","-71.236
G1N","Quebec City South Central","QC","46.81","-71.2526
G1P","Quebec City West","QC","46.8257","-71.331
G1R","Quebec City East","QC","46.8128","-71.2194
G1S","Quebec City South","QC","46.7867","-71.2436
G1T","Quebec City Upper Riverbank","QC","46.7863","-71.2579
G1V","Sainte-Foy Northeast","QC","46.789","-71.2936
G1W","Sainte-Foy Southeast","QC","46.7673","-71.2857
G1X","Sainte-Foy West","QC","46.7828","-71.3149
G1Y","Cap-Rouge","QC","46.7595","-71.3433
G2A","Loretteville North","QC","46.8681","-71.3787
G2B","Loretteville South","QC","46.8569","-71.3506
G2C","Quebec City Northwest","QC","46.8342","-71.3463
G2E","L'Ancienne- Lorette Northeast","QC","46.8175","-71.371
G2G","L'Ancienne- Lorette Southwest","QC","46.8119","-71.3906
G2J","Quebec City Inner North","QC","46.8428","-71.2774
G2K","Quebec City Outer North","QC","46.8105","-71.2426
G2L","Charlesbourg North","QC","46.8921","-71.2732
G2M","Jean-Talon Northeast","QC","46.9159","-71.3163
G2N","Jean-Talon West","QC","46.9338","-71.3446
G3A","St-Augustin- De-Desmaures","QC","46.7529","-71.3734
G3E","Saint-Émile","QC","46.8765","-71.3233
G3G","Lac-Saint-Charles","QC","46.9445","-71.4133
G3H","Pont-Rouge","QC","46.756","-71.6969
G3J","Val-Bélair North","QC","46.8617","-71.4241
G3K","Val-Bélair South","QC","46.8388","-71.3998
G3L","Saint-Raymond","QC","46.8897","-71.8349
G3M","Donnacona","QC","46.6725","-71.7368
G3Z","Baie-Saint-Paul","QC","47.4454","-70.5199
G4A","Clermont","QC","47.695","-70.2239
G4R","Sept-Îles Southeast","QC","50.2206","-66.3581
G4S","Sept-Îles Northwest","QC","50.2309","-66.3901
G4T","Les Îles-De-La- Madeleine","QC","47.5371","-61.5387
G4V","Sainte-Anne- Des-Monts","QC","49.1283","-66.4906
G4W","Matane","QC","48.8526","-67.518
G4X","Gaspé","QC","48.8319","-64.4813
G4Z","Baie-Comeau Northeast","QC","49.2446","-68.1442
G5A","La Malbaie","QC","47.6259","-70.0967
G5B","Port-Cartier","QC","50.0382","-66.8659
G5C","Baie-Comeau Southwest","QC","49.1962","-68.2976
G5H","Mont-Joli","QC","48.5949","-68.1883
G5J","Amqui","QC","48.4584","-67.4333
G5L","Rimouski Central","QC","48.4525","-68.5232
G5M","Rimouski Northeast","QC","48.4547","-68.4973
G5N","Rimouski Southwest","QC","48.4277","-68.5122
G5R","Rivière-du-Loup","QC","47.8559","-69.5376
G5T","Degelis","QC","47.5521","-68.6441
G5V","Montmagny","QC","46.9984","-70.5595
G5X","Beauceville","QC","46.2093","-70.7788
G5Y","Saint-Georges Central","QC","46.13","-70.6557
G5Z","Saint-Georges Southeast","QC","46.1231","-70.647
G6A","Saint-Georges Northwest","QC","46.1379","-70.6715
G6B","Lac-Megantic","QC","45.5946","-70.9176
G6C","Pintendre","QC","46.7557","-71.124
G6E","Sainte-Marie","QC","46.4691","-71.0427
G6G","Thetford Mines","QC","46.1134","-71.3108
G6H","Black Lake","QC","46.0654","-71.356
G6J","Saint-Etienne- De-Lauzon","QC","46.6561","-71.3095
G6K","Saint- Redempteur","QC","46.7038","-71.2837
G6L","Plessisville","QC","46.2255","-71.7779
G6P","Victoriaville Central","QC","46.0606","-71.9477
G6R","Victoriaville South","QC","46.0388","-71.9596
G6S","Victoriaville East","QC","46.0714","-71.9332
G6T","Victoriaville Northwest","QC","46.0477","-71.9549
G6V","Lévis North","QC","46.8207","-71.1787
G6W","Lévis South","QC","46.7933","-71.1885
G6X","Charny","QC","46.7228","-71.2788
G6Z","Saint-Jean- Chrysostome","QC","46.7391","-71.2055
G7A","Saint-Nicolas","QC","46.6709","-71.3548
G7B","La Baie","QC","48.3133","-70.8557
G7G","Chicoutimi North","QC","48.4572","-71.0591
G7H","Chicoutimi East","QC","48.4337","-71.0225
G7J","Chicoutimi West","QC","48.4377","-71.1244
G7K","Chicoutimi Southwest","QC","48.3976","-71.11
G7N","Laterrière","QC","48.3084","-71.1104
G7P","Saint-Ambroise","QC","48.51","-71.268
G7S","Jonquière Northeast","QC","48.4099","-71.1961
G7T","Jonquière Southeast","QC","48.4112","-71.2149
G7X","Jonquière Central","QC","48.4359","-71.2318
G7Y","Jonquière Southwest","QC","48.3933","-71.267
G7Z","Jonquière Northwest","QC","48.4327","-71.262
G8A","Jonquière West","QC","48.4244","-71.2619
G8B","Alma Southeast","QC","48.5468","-71.6399
G8C","Alma Southwest","QC","48.5292","-71.642
G8E","Alma North","QC","48.5592","-71.6416
G8G","Métabetchouan- Lac-a-la-Croix","QC","48.4223","-71.8737
G8H","Roberval","QC","48.5044","-72.2165
G8J","Saint-Prime","QC","48.5774","-72.441
G8K","Saint-Félicien","QC","48.6556","-72.4469
G8L","Dolbeau- Mistassini","QC","48.8707","-72.2141
G8M","Albanel","QC","48.8892","-72.1938
G8N","Hébertville","QC","48.3942","-71.6775
G8P","Chibougamau","QC","49.9214","-74.3601
G8T","Cap-de-la- Madeleine Central and southeast","QC","46.419","-72.6006
G8V","Cap-de-la- Madeleine Northeast","QC","46.3887","-72.4875
G8W","Cap-de-la- Madeleine West","QC","46.4024","-72.5846
G8Y","Trois-Rivières Central","QC","46.3688","-72.58
G8Z","Trois-Rivières Northeast","QC","46.3648","-72.5564
G9A","Trois-Rivières East","QC","46.3647","-72.5558
G9B","Trois-Rivières South","QC","46.3111","-72.5718
G9C","Trois-Rivières West","QC","46.3938","-72.6534
G9H","Becancour","QC","46.3445","-72.4369
G9N","Shawinigan Central","QC","46.5429","-72.748
G9P","Shawinigan Southeast","QC","46.5258","-72.7381
G9R","Shawinigan Northwest","QC","46.576","-72.7764
G9T","Grand-Mère","QC","46.6168","-72.7336
G9X","La Tuque","QC","47.4583","-72.7729
H0H","Reserved (Santa Claus)","QC","90","0
H0M","Akwesasne Region (Akwesasne)","QC","45.6986","-73.5025
H1A","Pointe-Aux-Trembles","QC","45.6587","-73.5236
H1B","Montreal East","QC","45.6454","-73.5502
H1C","Rivière-des-Prairies Northeast","QC","45.6596","-73.5704
H1E","Rivière-Des-Prairies Southwest","QC","45.6595","-73.5729
H1G","Montreal North North","QC","45.6061","-73.6389
H1H","Montreal North South","QC","45.5829","-73.6524
H1J","Anjou West","QC","45.6036","-73.569
H1K","Anjou East","QC","45.6077","-73.5428
H1L","Mercier North","QC","45.5943","-73.5362
H1M","Mercier West","QC","45.5902","-73.5559
H1N","Mercier Southeast","QC","45.5719","-73.5499
H1P","Saint-Léonard North","QC","45.6105","-73.6048
H1R","Saint-Léonard West","QC","45.5844","-73.6229
H1S","Saint-Léonard Southeast","QC","45.5716","-73.5985
H1T","Rosemont North","QC","45.5653","-73.5869
H1V","Maisonneuve","QC","45.5702","-73.551
H1W","Hochelaga","QC","45.5423","-73.5616
H1X","Rosemont Central","QC","45.5577","-73.5935
H1Y","Rosemont South","QC","45.5525","-73.598
H1Z","Saint-Michel West","QC","45.5652","-73.6444
H2A","Saint-Michel East","QC","45.5583","-73.6118
H2B","Ahuntsic North","QC","45.5664","-73.647
H2C","Ahuntsic Central","QC","45.5593","-73.6719
H2E","Villeray Northeast","QC","45.5522","-73.6256
H2G","Petite-Patrie Northeast","QC","45.5434","-73.6061
H2H","Plateau Mont-Royal North","QC","45.5377","-73.5837
H2J","Plateau Mont-Royal North Central","QC","45.5289","-73.5928
H2K","Centre-Sud North","QC","45.53","-73.5672
H2L","Centre-Sud South","QC","45.5252","-73.5744
H2M","Ahuntsic East","QC","45.55","-73.6515
H2N","Ahuntsic Southeast","QC","45.5402","-73.659
H2P","Villeray West","QC","45.5409","-73.6418
H2R","Villeray Southeast","QC","45.5452","-73.6266
H2S","Petite-Patrie Southwest","QC","45.5356","-73.6144
H2T","Plateau Mont-Royal West","QC","45.5278","-73.6024
H2V","Outremont","QC","45.5298","-73.6153
H2W","Plateau Mont-Royal South Central","QC","45.5194","-73.5839
H2X","Plateau Mont-Royal Southeast","QC","45.5148","-73.5739
H2Y","Old Montreal","QC","45.508","-73.554
H2Z","Downtown Montreal Northeast","QC","45.5066","-73.5623
H3A","Downtown Montreal North","QC","45.5078","-73.5804
H3B","Downtown Montreal East","QC","45.5058","-73.5672
H3C","Griffintown (Includes Île Notre-Dame & Île Sainte-Hélène)","QC","45.503","-73.5679
H3E","L'Île-Des-Soeurs","QC","45.4679","-73.5457
H3G","Downtown Montreal Southeast","QC","45.5019","-73.5853
H3H","Downtown Montreal South & West","QC","45.5123","-73.5967
H3J","Petite-Bourgogne","QC","45.4922","-73.5725
H3K","Pointe-Saint-Charles","QC","45.4858","-73.564
H3L","Ahuntsic Southwest","QC","45.5529","-73.6754
H3M","Cartierville Northeast","QC","45.5459","-73.6979
H3N","Parc-Extension","QC","45.5335","-73.6464
H3P","Mount Royal North","QC","45.5209","-73.653
H3R","Mount Royal Central","QC","45.5181","-73.6545
H3S","Côte-des-Neiges North","QC","45.5155","-73.6292
H3T","Côte-des-Neiges Northeast","QC","45.5115","-73.616
H3V","Côte-des-Neiges East","QC","45.4965","-73.6177
H3W","Côte-des-Neiges Southwest","QC","45.4988","-73.6442
H3X","Hampstead","QC","45.4915","-73.6483
H3Y","Westmount West","QC","45.489","-73.618
H3Z","Westmount East","QC","45.4909","-73.5885
H4A","Notre-Dame-de-GrÔce Northeast","QC","45.4781","-73.6252
H4B","Notre-Dame-de-GrÔce Southwest","QC","45.4681","-73.636
H4C","Saint-Henri","QC","45.478","-73.5922
H4E","Ville Émard","QC","45.468","-73.5863
H4G","Verdun North","QC","45.4644","-73.5798
H4H","Verdun South","QC","45.4532","-73.5818
H4J","Cartierville Central","QC","45.5353","-73.7231
H4K","Cartierville Southwest","QC","45.5248","-73.7392
H4L","Saint-Laurent Inner Northeast","QC","45.5269","-73.6974
H4M","Saint-Laurent East","QC","45.5067","-73.6906
H4N","Saint-Laurent Outer Northeast","QC","45.5329","-73.6807
H4P","Mount Royal South","QC","45.4991","-73.6722
H4R","Saint-Laurent Central","QC","45.5148","-73.7309
H4S","Saint-Laurent Southwest","QC","45.4958","-73.754
H4T","Saint-Laurent Southeast","QC","45.4954","-73.6798
H4V","Côte-Saint-Luc East","QC","45.4755","-73.6555
H4W","Côte-Saint-Luc West","QC","45.478","-73.6704
H4X","Montreal West","QC","45.4575","-73.6649
H4Y","Dorval Central","QC","45.5103","-73.6818
H4Z","Tour de la Bourse","QC","45.5003","-73.5621
H5A","Place Bonaventure","QC","45.503","-73.5679
H5B","Place Desjardins","QC","45.5066","-73.5623
H7A","Duvernay-Est","QC","45.6736","-73.5919
H7B","Saint-Franþois","QC","45.6346","-73.6769
H7C","Saint-Vincent-de-Paul","QC","45.6176","-73.6637
H7E","Duvernay","QC","45.6142","-73.669
H7G","Pont-Viau","QC","45.5565","-73.6791
H7H","Auteuil West","QC","45.6429","-73.7494
H7J","Auteuil Northeast","QC","45.6837","-73.6728
H7K","Auteuil South","QC","45.6121","-73.7898
H7L","Sainte-Rose","QC","45.6303","-73.7802
H7M","Vimont","QC","45.6089","-73.7331
H7N","Laval-des-Rapides","QC","45.5772","-73.7007
H7P","Fabreville","QC","45.5917","-73.8293
H7R","Laval-sur-le-Lac","QC","45.5483","-73.8578
H7S","Chomedey Northeast","QC","45.5732","-73.7444
H7T","Chomedey Northwest","QC","45.5569","-73.748
H7V","Chomedey East","QC","45.5364","-73.7267
H7W","Chomedey South","QC","45.549","-73.7641
H7X","Sainte-Dorothée","QC","45.5359","-73.8231
H7Y","Îles-Laval","QC","45.5209","-73.8354
H8N","LaSalle Northwest","QC","45.4551","-73.6084
H8P","LaSalle Southeast","QC","45.4371","-73.5979
H8R","Saint-Pierre","QC","45.4473","-73.6557
H8S","Lachine East","QC","45.4496","-73.6811
H8T","Lachine West","QC","45.4648","-73.7192
H8Y","Roxboro","QC","45.5145","-73.8162
H8Z","Pierrefonds","QC","45.5135","-73.8389
H9A","Dollard-Des- Ormeaux Northwest","QC","45.5055","-73.823
H9B","Dollard-Des- Ormeaux East","QC","45.4937","-73.8132
H9C","L'Île Bizard Northeast","QC","45.5141","-73.9012
H9E","L'Île-Bizard Southwest","QC","45.5106","-73.91
H9G","Dollard-Des- Ormeaux Southwest","QC","45.4794","-73.8446
H9H","Sainte-Geneviève","QC","45.4873","-73.8635
H9J","Kirkland","QC","45.469","-73.8862
H9K","Senneville","QC","45.4643","-73.8936
H9P","Dorval Outskirts","QC","45.4617","-73.7305
H9R","Pointe-Claire","QC","45.4748","-73.8207
H9S","L'Île-Dorval","QC","45.4409","-73.7733
H9W","Beaconsfield","QC","45.4407","-73.8727
H9X","Sainte-Anne-De- Bellevue","QC","45.418","-73.9515
J0A","Centre-du- Québec-Sud (Warwick)","QC","45.6999","-72.0033
J0B","Estrie-Est (Stanstead)","QC","45.242","-72.0177
J0C","Centre-du- Québec-Ouest (Saint- Bonaventure)","QC","45.9914","-72.3216
J0E","Estrie-Ouest (Fulford)","QC","45.3973","-72.8797
J0G","Bois-Francs-Nord (Odanak)","QC","46.0668","-72.8043
J0H","Bois-Francs-Sud (Saint-Nazaire- D'Acton)","QC","45.6125","-72.5205
J0J","Montérégie-Est (Bedford)","QC","45.0784","-73.0291
J0K","Lanaudière-Nord (Saint-Esprit)","QC","46.104","-73.256
J0L","Montérégie-Nord (Saint-Antoine- Sur-Richelieu)","QC","45.7317","-73.2793
J0M","Nunavik (Kuujjuaq)","QC","60.0342","-70.0118
J0N","Région d'Oka (Oka)","QC","45.718","-73.6354
J0P","Vaudreuil- Soulanges (Coteau-du-Lac)","QC","45.4487","-74.1015
J0R","Lanaudière-Sud (Prévost)","QC","45.8373","-74.1387
J0S","Montérégie- Ouest (Saint-Anicet)","QC","45.0131","-74.1744
J0T","Laurentides-Nord (Montcalm)","QC","46.2634","-74.7687
J0V","Laurentides-Sud (Chénéville)","QC","45.7631","-74.4624
J0W","Outaouais-Nord (Ferme-Neuve)","QC","46.7019","-75.437
J0X","Outaouais-Sud (Thurso)","QC","45.5234","-76.4392
J0Y","Abitibi- Témiscamingue- Est (Radisson)","QC","48.4606","-78.1936
J0Z","Abitibi- Témiscamingue- Ouest (Guigues)","QC","47.4822","-79.2102
J1A","Coaticook","QC","45.1563","-71.8095
J1E","Sherbrooke Northeast","QC","45.4301","-71.8901
J1G","Sherbrooke East","QC","45.4038","-71.8853
J1H","Sherbrooke Central","QC","45.4117","-71.9074
J1J","Sherbrooke North","QC","45.4242","-71.9188
J1K","Sherbrooke West","QC","45.3928","-71.9441
J1L","Sherbrooke Northwest","QC","45.4053","-71.9387
J1M","Sherbrooke Southeast","QC","45.3672","-71.8692
J1N","Rock Forest","QC","45.3814","-71.9827
J1S","Windsor","QC","45.582","-72.0094
J1T","Asbestos","QC","45.7808","-71.9348
J1X","Magog","QC","45.282","-72.139
J1Z","Saint-Cyrille- De-Wendover","QC","45.8852","-72.414
J2A","Drummondville Southeast","QC","45.8459","-72.44
J2B","Drummondville South","QC","45.8845","-72.4841
J2C","Drummondville Central","QC","45.9092","-72.4808
J2E","Drummondville Northwest","QC","45.9037","-72.5297
J2G","Granby Central","QC","45.4109","-72.7103
J2H","Granby East","QC","45.4036","-72.7097
J2J","Granby West","QC","45.3915","-72.7799
J2K","Cowansville","QC","45.2214","-72.7567
J2L","Bromont","QC","45.3161","-72.6501
J2N","Farnham","QC","45.2925","-72.978
J2R","Saint-Hyacinthe Northwest","QC","45.648","-73.0056
J2S","Saint-Hyacinthe Southwest","QC","45.6352","-72.9726
J2T","Saint-Hyacinthe East","QC","45.6414","-72.9243
J2W","Saint-Luc","QC","45.3988","-73.3723
J2X","Saint-Jean- sur-Richelieu East","QC","45.3167","-73.2338
J2Y","Saint-Jean- sur-Richelieu West","QC","45.3172","-73.3346
J3A","Saint-Jean- sur-Richelieu North","QC","45.334","-73.2662
J3B","Saint-Jean- sur-Richelieu Central","QC","45.3234","-73.2662
J3E","Sainte-Julie","QC","45.5806","-73.336
J3G","Beloeil West","QC","45.5462","-73.2339
J3H","Beloeil East","QC","45.5413","-73.2215
J3L","Chambly","QC","45.4694","-73.289
J3M","Marieville","QC","45.4355","-73.1738
J3N","Saint-Basile- Le-Grand","QC","45.5355","-73.2719
J3P","Sorel Central","QC","46.045","-73.1172
J3R","Sorel Southwest","QC","46.0476","-73.1263
J3T","Nicolet","QC","46.2326","-72.5995
J3V","Saint-Bruno","QC","45.5392","-73.3598
J3X","Varennes","QC","45.6911","-73.4312
J3Y","Saint-Hubert Central","QC","45.4841","-73.4329
J3Z","Saint-Hubert East","QC","45.4732","-73.3716
J4B","Boucherville","QC","45.5685","-73.423
J4G","Longueuil North","QC","45.5535","-73.4987
J4H","Longueuil West","QC","45.5428","-73.5083
J4J","Longueuil Central","QC","45.529","-73.5039
J4K","Longueuil Southwest","QC","45.5284","-73.5246
J4L","Longueuil Southeast","QC","45.5291","-73.4708
J4M","Longueuil East","QC","45.544","-73.4505
J4N","Longueuil Northeast","QC","45.5382","-73.4577
J4P","Saint-Lambert North","QC","45.4993","-73.5157
J4R","Saint-Lambert Central","QC","45.4876","-73.5092
J4S","Saint-Lambert South","QC","45.4832","-73.5067
J4T","Saint-Hubert West","QC","45.4966","-73.4481
J4V","Greenfield Park","QC","45.4926","-73.4473
J4W","Brossard Northwest","QC","45.4769","-73.4992
J4X","Brossard Southwest","QC","45.4564","-73.4931
J4Y","Brossard South","QC","45.4605","-73.4651
J4Z","Brossard Northeast","QC","45.4814","-73.4649
J5A","Saint-Constant","QC","45.384","-73.5591
J5B","Delson","QC","45.4024","-73.5376
J5J","Saint-Sophie","QC","45.8184","-73.8983
J5K","Saint-Colomban","QC","45.7334","-74.1309
J5L","Saint-Jérôme West","QC","45.8052","-74.1051
J5M","Saint-Lin- Laurentides","QC","45.8522","-73.7577
J5R","La Prairie","QC","45.3973","-73.5284
J5T","Lavaltrie","QC","45.905","-73.2594
J5V","Louiseville","QC","46.2675","-72.9382
J5W","L'Assomption","QC","45.8313","-73.4233
J5X","L'Épiphanie","QC","45.8508","-73.4824
J5Y","Repentigny Northeast","QC","45.7599","-73.4343
J5Z","Repentigny West","QC","45.7289","-73.4907
J6A","Repentigny South","QC","45.7134","-73.4778
J6E","Joliette","QC","46.0551","-73.432
J6J","ChÔteauguay North","QC","45.3944","-73.7494
J6K","ChÔteauguay South","QC","45.3631","-73.7085
J6N","Beauharnois","QC","45.3577","-73.7851
J6R","Mercier","QC","45.3063","-73.748
J6S","Salaberry-de- Valleyfield North","QC","45.2788","-74.1422
J6T","Salaberry-de- Valleyfield South","QC","45.2571","-74.12
J6V","Terrebonne East","QC","45.7005","-73.5298
J6W","Terrebonne Central","QC","45.6908","-73.6308
J6X","Terrebonne Northwest","QC","45.6986","-73.6632
J6Y","Terrebonne Southwest","QC","45.6999","-73.8112
J6Z","Sainte-Thérèse- de-Blainville Northeast","QC","45.6693","-73.7484
J7A","Sainte-Thérèse- de-Blainville East","QC","45.6179","-73.8038
J7B","Sainte-Thérèse- de-Blainville North","QC","45.6462","-73.8092
J7C","Sainte-Thérèse- de-Blainville Northwest","QC","45.6488","-73.8466
J7E","Sainte-Thérèse- de-Blainville Central","QC","45.6318","-73.8261
J7G","Sainte-Thérèse- de-Blainville South","QC","45.5999","-73.8301
J7H","Sainte-Thérèse- de-Blainville Southwest","QC","45.62","-73.8564
J7J","Mirabel Northeast","QC","45.6563","-73.9753
J7K","Mascouche Extremities","QC","45.7551","-73.5959
J7L","Mascouche Central","QC","45.7567","-73.6263
J7M","La Plaine","QC","45.7915","-73.7559
J7N","Mirabel Southwest","QC","45.72","-74.0327
J7P","Saint-Eustache Northeast","QC","45.5618","-73.8881
J7R","Saint-Eustache Southwest","QC","45.5321","-73.894
J7T","Vaudreuil- Dorion RCM","QC","45.3135","-74.0573
J7V","Vaudreuil- Dorion","QC","45.4042","-74.034
J7X","Valleyfield","QC","45.2616","-74.2078
J7Y","Saint-Jérôme North","QC","45.814","-74.0176
J7Z","Saint-Jérôme Southeast","QC","45.795","-74.0017
J8A","Saint-Hippolyte","QC","45.9261","-74.0244
J8B","Sainte-Adèle","QC","45.9454","-74.1327
J8C","Sainte-Agathe- Des-Monts","QC","46.0469","-74.2901
J8E","Mont-Tremblant","QC","46.156","-74.5627
J8G","Chatham","QC","45.6068","-74.4387
J8H","Lachute","QC","45.6484","-74.3406
J8L","Buckingham","QC","45.599","-75.4206
J8M","Masson-Angers","QC","45.5555","-75.4352
J8N","Val-des-Monts","QC","45.688","-75.7837
J8P","Gatineau Southeast","QC","45.495","-75.5883
J8R","Gatineau Northeast","QC","45.4914","-75.6057
J8T","Gatineau Southwest","QC","45.4979","-75.7043
J8V","Gatineau Northwest","QC","45.488","-75.7474
J8X","Hull Southeast","QC","45.4465","-75.7156
J8Y","Hull Central","QC","45.4603","-75.7606
J8Z","Hull North","QC","45.4659","-75.7558
J9A","Hull Southwest","QC","45.4206","-75.7538
J9B","Chelsea","QC","45.4039","-75.826
J9E","Maniwaki","QC","46.3741","-75.9823
J9H","Aylmer South","QC","45.3958","-75.8259
J9J","Aylmer North","QC","45.4202","-75.7748
J9L","Mont-Laurier","QC","46.5442","-75.4972
J9P","Val-d'Or","QC","48.1068","-77.7833
J9T","Amos","QC","48.5837","-78.1002
J9V","Ville-Marie","QC","47.3288","-79.441
J9X","Rouyn-Noranda South","QC","48.25","-79.0253
J9Y","Rouyn-Noranda North","QC","48.8054","-79.1991
J9Z","La Sarre","QC","48.8131","-79.2026
S0A","Yorkton Region (Melville)","SK","51.8194","-103.5644
S0C","Southeastern Saskatchewan (Carlyle)","SK","49.1895","-104.4374
S0E","Eastern Saskatchewan (Melfort)","SK","53.1325","-104.6719
S0G","South Central Saskatchewan (Fort Qu'Appelle)","SK","51.3669","-105.9973
S0H","Southern Saskatchewan (Assiniboia)","SK","50.1971","-105.8481
S0J","Northern Saskatchewan (La Ronge)","SK","52.7586","-107.4669
S0K","Central Saskatchewan (Humboldt)","SK","52.807","-105.3626
S0L","Western Saskatchewan (Kindersley)","SK","51.2296","-108.702
S0M","Northwestern Saskatchewan (Battleford)","SK","54.2836","-109.2415
S0N","Southwestern Saskatchewan (Maple Creek)","SK","50.3599","-108.5139
S0P","Northeastern Saskatchewan (Creighton)","SK","54.663","-102.0822
S2V","Buena Vista","SK","50.7763","-104.9291
S3N","Yorkton","SK","51.202","-102.457
S4A","Estevan","SK","49.1433","-102.9987
S4H","Weyburn","SK","49.6719","-103.8491
S4L","Regina East","SK","50.4395","-104.5758
S4N","Regina Northeast and East Central","SK","50.4399","-104.574
S4P","Regina Central","SK","50.4423","-104.6116
S4R","Regina North Central","SK","50.4707","-104.6116
S4S","Regina South Saskatchewan Provincial Government","SK","50.4253","-104.6347
S4T","Regina West","SK","50.4552","-104.6376
S4V","Regina Southeast","SK","50.4364","-104.5438
S4W","Regina Southwest","SK","50.4896","-104.6694
S4X","Regina Northwest","SK","50.4722","-104.6828
S4Y","Regina Outer Northwest","SK","50.478","-104.6987
S4Z","Regina Northeast","SK","50.4529","-104.5345
S6H","Moose Jaw Southeast","SK","50.4019","-105.5325
S6J","Moose Jaw Northeast","SK","50.4241","-105.5467
S6K","Moose Jaw West","SK","50.3768","-105.5819
S6V","Prince Albert Central","SK","53.2027","-105.7503
S6W","Prince Albert Southwest","SK","53.1744","-105.7636
S6X","Prince Albert East","SK","53.1922","-105.7055
S7H","Saskatoon East Central","SK","52.1131","-106.622
S7J","Saskatoon South Central","SK","52.1068","-106.6552
S7K","Saskatoon North Central","SK","52.1542","-106.6415
S7L","Saskatoon West","SK","52.1449","-106.6704
S7M","Saskatoon Southwest","SK","52.1261","-106.6985
S7N","Saskatoon Northeast Central","SK","52.1193","-106.6594
S7P","Saskatoon North","SK","52.1695","-106.5869
S7R","Saskatoon Northwest","SK","52.2022","-106.6765
S7S","Saskatoon Northeast","SK","52.1584","-106.5955
S7T","Saskatoon South","SK","52.0554","-106.7036
S7V","Saskatoon Southeast","SK","52.1103","-106.5698
S9A","North Battleford","SK","52.779","-108.2983
S9H","Swift Current","SK","50.2875","-107.8113
S9V","Lloydminster","SK","53.2719","-110.0044
S9X","Meadow Lake","SK","54.132","-108.4314
Y0A","Southeastern Yukon (Watson Lake)","YT","60.1734","-129.0159
Y0B","Central Yukon (Dawson City)","YT","64.062","-139.4351
Y1A","Whitehorse","YT","60.7227","-135.0534
